Player ID,Full Name,Total Games,Total Points,Total Rebounds,Total Assists,Total Steals,Total Blocks,Championships,MVPs,Finals MVPs,All-Star Appearances,Peak PPG,Peak PPG Season,Peak RPG,Peak RPG Season,Peak APG,Peak APG Season,Peak SPG,Peak SPG Season,Peak BPG,Peak BPG Season,Total Seasons,Career Span,Position,Player Slug,Height,Country
920,A.C. Green,1361,12928,10129,1469,1103,562,3,0,0,1,14.7,1993-94,9.3,1991-92,1.7,1993-94,1.1,1988-89,1.0,1986-87,16,1985-86 - 2000-01,Forward,ac-green,206,USA
76504,Adrian Dantley,1107,26274,6392,3254,1105,187,0,0,0,6,30.7,1982-83,9.4,1977-78,4.8,1982-83,2.1,1977-78,0.7,1977-78,15,1976-77 - 1990-91,Forward,adrian-dantley,196,USA
76673,Alex English,1271,26931,7143,4575,1140,895,0,0,0,8,29.8,1985-86,9.4,1979-80,5.3,1981-82,1.4,1982-83,1.5,1982-83,15,1976-77 - 1990-91,Forward,alex-english,203,USA
947,Allen Iverson,1064,27457,3839,6488,2213,185,0,1,0,11,33.0,2005-06,4.9,1998-99,7.9,2004-05,2.8,2001-02,0.3,2008-09,14,1996-97 - 2009-10,Guard,allen-iverson,183,USA
297,Alonzo Mourning,875,14593,7335,964,422,2430,1,0,0,7,23.2,1995-96,11.0,1998-99,2.3,1995-96,1.0,1995-96,3.9,1998-99,15,1992-93 - 2007-08,Center,alonzo-mourning,208,USA
2405,Amar'e Stoudemire,905,16674,6961,1095,665,1092,0,0,0,6,26.0,2004-05,9.6,2006-07,2.6,2010-11,1.2,2003-04,2.1,2007-08,14,2002-03 - 2015-16,Forward-Center,amare-stoudemire,208,USA
2738,Andre Iguodala,1231,13968,6047,5147,1765,633,4,0,1,1,19.9,2007-08,6.5,2009-10,6.3,2010-11,2.1,2007-08,1.0,2019-20,19,2004-05 - 2022-23,Guard-Forward,andre-iguodala,198,USA
1889,Andre Miller,1562,18135,5481,9717,1738,252,0,0,0,0,17.0,2007-08,4.7,2001-02,10.9,2001-02,1.7,2003-04,0.4,2001-02,17,1999-00 - 2015-16,Guard,andre-miller,190,USA
600014,Artis Gilmore,980,15844,9372,1798,485,1777,0,0,0,6,23.7,1978-79,13.1,1977-78,3.3,1978-79,0.6,1978-79,2.7,1981-82,12,1976-77 - 1987-88,Center,artis-gilmore,218,USA
77070,Bailey Howell,950,17770,9383,1853,0,0,2,0,0,6,23.6,1960-61,14.4,1960-61,2.9,1962-63,0.0,1959-60,0.0,1959-60,12,1959-60 - 1970-71,Forward,bailey-howell,201,USA
76253,Bill Bridges,1118,12924,13143,3001,80,41,1,0,0,3,17.4,1966-67,15.1,1966-67,4.2,1969-70,0.9,1973-74,0.5,1973-74,13,1962-63 - 1974-75,Forward,bill-bridges,196,USA
78049,Bill Russell,963,14522,21620,4100,0,0,11,5,0,12,18.9,1961-62,24.7,1963-64,5.8,1966-67,0.0,1956-57,0.0,1956-57,13,1956-57 - 1968-69,Center,bill-russell,208,USA
78126,Bill Sharman,711,12665,2779,2101,0,0,4,0,0,8,22.3,1957-58,4.7,1957-58,4.7,1955-56,0.0,1950-51,0.0,1950-51,11,1950-51 - 1960-61,Guard,bill-sharman,185,USA
78450,Bill Walton,468,6215,4923,1590,380,1034,2,1,1,2,18.9,1977-78,14.4,1976-77,5.0,1977-78,1.0,1977-78,3.6,1982-83,10,1974-75 - 1986-87,Center,bill-walton,211,USA
201933,Blake Griffin,869,16260,6762,3529,698,392,0,0,0,6,24.5,2018-19,12.1,2010-11,6.2,2017-18,1.2,2012-13,0.7,2011-12,13,2010-11 - 2022-23,Forward,blake-griffin,206,USA
600003,Bob Cousy,924,16960,4786,6955,0,0,6,1,0,13,21.7,1951-52,6.9,1950-51,9.5,1959-60,0.0,1950-51,0.0,1950-51,14,1950-51 - 1969-70,Guard,bob-cousy,185,USA
600005,Bob Lanier,1022,20458,10250,3191,851,1189,0,0,0,8,25.7,1971-72,14.9,1972-73,4.6,1974-75,1.4,1979-80,3.0,1973-74,14,1970-71 - 1983-84,Center,bob-lanier,211,USA
77498,Bob McAdoo,1000,22300,9561,2354,919,1326,2,1,0,5,34.5,1974-75,15.1,1973-74,4.0,1975-76,1.6,1978-79,3.3,1973-74,14,1972-73 - 1985-86,Center,bob-mcadoo,206,USA
77847,Bob Pettit,792,20880,12849,2369,0,0,1,2,0,11,31.1,1961-62,20.3,1960-61,3.7,1961-62,0.0,1954-55,0.0,1954-55,11,1954-55 - 1964-65,Forward,bob-pettit,206,USA
1477,Bruce Bowen,942,5486,2524,1123,735,351,3,0,0,0,8.2,2004-05,3.9,2005-06,1.6,2000-01,1.4,1997-98,1.0,1996-97,13,1996-97 - 2008-09,Forward,bruce-bowen,201,USA
433,Buck Williams,1307,16784,13017,1646,1080,1100,0,0,0,3,18.3,1987-88,12.5,1982-83,2.0,1984-85,1.1,1982-83,1.5,1983-84,17,1981-82 - 1997-98,Forward,buck-williams,203,USA
2546,Carmelo Anthony,1337,30259,8371,3643,1291,690,0,0,0,10,28.9,2006-07,8.1,2013-14,4.2,2015-16,1.3,2009-10,0.8,2021-22,19,2003-04 - 2021-22,Forward,carmelo-anthony,201,USA
77487,Cedric Maxwell,916,11274,5696,2059,710,447,2,0,1,0,19.0,1978-79,9.9,1978-79,3.5,1986-87,1.2,1978-79,0.9,1978-79,11,1977-78 - 1987-88,Forward,cedric-maxwell,203,USA
787,Charles Barkley,1073,23757,12546,4215,1648,888,0,1,0,11,28.3,1987-88,14.6,1986-87,5.1,1992-93,2.2,1985-86,1.6,1985-86,16,1984-85 - 1999-00,Forward,charles-barkley,198,USA
891,Charles Oakley,1282,12417,12205,3217,1351,384,0,0,0,1,14.6,1989-90,13.1,1986-87,3.6,1986-87,1.6,1997-98,0.6,2000-01,19,1985-86 - 2003-04,Forward,charles-oakley,206,USA
1497,Chauncey Billups,1274,19303,3611,6843,1322,204,1,0,1,5,19.5,2009-10,5.0,2008-09,8.6,2005-06,1.5,1997-98,0.5,2008-09,17,1997-98 - 2013-14,Guard,chauncey-billups,190,USA
78435,Chet Walker,1032,18831,7314,2126,117,10,1,0,0,7,22.0,1971-72,10.3,1963-64,2.5,1965-66,0.8,1973-74,0.1,1974-75,13,1962-63 - 1974-75,Forward,chet-walker,201,USA
2547,Chris Bosh,893,17189,7592,1795,730,932,2,0,0,11,24.0,2009-10,10.8,2009-10,2.6,2005-06,1.0,2013-14,1.4,2003-04,13,2003-04 - 2015-16,Forward,chris-bosh,211,USA
17,Clyde Drexler,1162,23848,7157,6487,2343,764,1,0,0,10,27.2,1988-89,7.9,1988-89,8.0,1985-86,2.7,1988-89,0.9,1991-92,15,1983-84 - 1997-98,Guard,clyde-drexler,201,USA
201980,Danny Green,843,7265,2841,1283,859,637,3,0,0,0,11.7,2014-15,4.2,2014-15,2.0,2014-15,1.3,2020-21,1.1,2017-18,15,2009-10 - 2023-24,Guard,danny-green,198,USA
76166,Dave Bing,901,18327,3420,5397,483,89,0,0,0,7,27.1,1967-68,5.0,1968-69,7.8,1972-73,1.5,1974-75,0.3,1974-75,12,1966-67 - 1977-78,Guard,dave-bing,190,USA
76462,Dave Cowens,766,13516,10444,2910,599,488,2,1,0,8,20.5,1972-73,16.2,1972-73,5.0,1976-77,1.3,1974-75,1.3,1973-74,11,1970-71 - 1982-83,Center,dave-cowens,206,USA
76545,Dave DeBusschere,951,15294,10506,2688,67,39,2,0,0,8,18.2,1966-67,13.5,1967-68,3.6,1971-72,0.9,1973-74,0.5,1973-74,12,1962-63 - 1973-74,Forward,dave-debusschere,198,USA
764,David Robinson,987,20790,10497,2441,1388,2954,2,1,0,10,29.8,1993-94,13.0,1990-91,4.8,1993-94,2.3,1991-92,4.5,1991-92,14,1989-90 - 2002-03,Center,david-robinson,216,USA
77141,Dennis Johnson,1100,15535,4249,5499,1477,675,3,0,1,5,19.5,1981-82,5.1,1981-82,7.8,1987-88,1.8,1979-80,1.2,1978-79,14,1976-77 - 1989-90,Guard,dennis-johnson,193,USA
23,Dennis Rodman,911,6683,11954,1600,611,531,5,0,0,2,11.6,1987-88,18.7,1991-92,3.1,1996-97,0.9,1987-88,0.9,1988-89,14,1986-87 - 1999-00,Forward,dennis-rodman,201,USA
965,Derek Fisher,1383,11238,2816,4021,1422,105,5,0,0,0,13.3,2005-06,3.0,2000-01,4.3,2000-01,1.9,2000-01,0.2,2012-13,18,1996-97 - 2013-14,Guard,derek-fisher,185,USA
101114,Deron Williams,974,15814,3026,7846,977,229,0,0,0,3,21.3,2010-11,4.6,2010-11,12.8,2010-11,1.5,2013-14,0.4,2012-13,12,2005-06 - 2016-17,Guard,deron-williams,190,USA
201565,Derrick Rose,798,13516,2489,4016,592,265,0,1,0,3,25.0,2010-11,4.1,2010-11,7.9,2011-12,1.2,2020-21,0.7,2011-12,15,2008-09 - 2023-24,Guard,derrick-rose,190,USA
77537,Dick McGuire,738,5921,2784,4205,0,0,0,0,0,7,9.2,1951-52,5.2,1950-51,7.6,1954-55,0.0,1949-50,0.0,1949-50,11,1949-50 - 1959-60,Guard,dick-mcguire,183,USA
87,Dikembe Mutombo,1271,12478,13374,1316,523,3492,0,0,0,8,16.6,1991-92,14.1,2000-01,2.2,1991-92,0.7,1993-94,4.5,1995-96,18,1991-92 - 2008-09,Center,dikembe-mutombo,218,Congo
1717,Dirk Nowitzki,1522,31560,11489,3651,1210,1281,1,1,1,14,26.6,2005-06,9.9,2001-02,3.5,2007-08,1.4,2002-03,1.5,2004-05,21,1998-99 - 2018-19,Forward,dirk-nowitzki,213,Germany
78076,Dolph Schayes,996,18438,11256,3072,0,0,1,0,0,12,24.9,1957-58,16.4,1950-51,4.0,1949-50,0.0,1949-50,0.0,1949-50,15,1949-50 - 1963-64,Forward,dolph-schayes,203,USA
1122,Dominique Wilkins,1148,28591,7650,2846,1470,672,0,0,0,9,30.7,1987-88,9.0,1990-91,3.8,1991-92,1.8,1985-86,1.1,1983-84,15,1982-83 - 1998-99,Forward,dominique-wilkins,203,USA
2730,Dwight Howard,1242,19485,14627,1676,1081,2228,1,0,0,8,22.9,2010-11,14.5,2011-12,1.9,2006-07,1.5,2011-12,2.9,2008-09,18,2004-05 - 2021-22,Center-Forward,dwight-howard,208,USA
2548,Dwyane Wade,1121,23930,5185,5929,1681,932,3,0,1,13,30.2,2008-09,6.4,2010-11,7.5,2006-07,2.2,2008-09,1.3,2008-09,16,2003-04 - 2018-19,Guard,dwyane-wade,193,USA
77429,Ed Macauley,641,11234,4325,2079,0,0,1,0,0,7,20.4,1950-51,9.1,1952-53,4.1,1952-53,0.0,1949-50,0.0,1949-50,10,1949-50 - 1958-59,Center,ed-macauley,203,USA
76127,Elgin Baylor,846,23149,11463,3650,0,0,0,0,0,11,38.2,1961-62,19.8,1960-61,5.4,1969-70,0.0,1958-59,0.0,1958-59,14,1958-59 - 1971-72,Forward,elgin-baylor,196,USA
76979,Elvin Hayes,1303,27313,16279,2398,864,1771,1,0,0,12,28.7,1970-71,18.1,1973-74,3.3,1971-72,1.9,1974-75,3.0,1973-74,16,1968-69 - 1983-84,Forward,elvin-hayes,206,USA
78063,Frank Saul,384,2152,683,596,0,0,4,0,0,0,7.4,1952-53,2.6,1951-52,2.3,1951-52,0.0,1949-50,0.0,1949-50,6,1949-50 - 1954-55,Guard,frank-saul,188,USA
56,Gary Payton,1415,23447,5603,9629,2578,305,1,0,0,9,24.2,1999-00,6.5,1999-00,9.0,2001-02,2.9,1995-96,0.3,2000-01,17,1990-91 - 2006-07,Guard,gary-payton,193,USA
76804,George Gervin,791,20708,3607,2214,941,670,0,0,0,9,33.1,1979-80,5.5,1976-77,3.7,1977-78,1.7,1978-79,1.3,1977-78,10,1976-77 - 1985-86,Guard,george-gervin,201,USA
600012,George Mikan,439,10156,4167,1245,0,0,5,0,0,4,28.4,1950-51,14.4,1952-53,3.6,1948-49,0.0,1948-49,0.0,1948-49,7,1948-49 - 1955-56,Center,george-mikan,208,USA
78628,George Yardley,472,9063,4220,815,0,0,0,0,0,6,27.8,1957-58,10.7,1957-58,2.2,1955-56,0.0,1953-54,0.0,1953-54,7,1953-54 - 1959-60,Forward,george-yardley,196,USA
255,Grant Hill,1026,17137,6169,4252,1248,576,0,0,0,7,25.8,1999-00,9.8,1995-96,7.3,1996-97,1.8,1996-97,0.9,1994-95,18,1994-95 - 2012-13,Forward,grant-hill,203,USA
165,Hakeem Olajuwon,1238,26946,13748,3058,2162,3830,2,1,2,12,27.8,1994-95,14.0,1989-90,3.6,1993-94,2.6,1988-89,4.6,1989-90,18,1984-85 - 2001-02,Center,hakeem-olajuwon,213,Nigeria
76882,Hal Greer,1122,21586,5665,4540,0,0,1,0,0,10,24.1,1967-68,7.4,1961-62,5.1,1969-70,0.0,1958-59,0.0,1958-59,15,1958-59 - 1972-73,Guard,hal-greer,188,USA
76773,Harry Gallatin,682,8843,6684,1208,0,0,0,0,0,7,15.0,1956-57,15.2,1953-54,2.7,1950-51,0.0,1948-49,0.0,1948-49,10,1948-49 - 1957-58,Forward,harry-gallatin,198,USA
270,Horace Grant,1165,12996,9443,2575,1143,1136,4,0,0,1,15.1,1993-94,11.0,1993-94,3.4,1993-94,1.5,1996-97,1.6,1991-92,17,1987-88 - 2003-04,Center,horace-grant,208,USA
78318,Isiah Thomas,979,18822,3478,9061,1861,249,2,0,1,12,22.9,1982-83,4.5,1984-85,13.9,1984-85,2.5,1983-84,0.4,1983-84,13,1981-82 - 1993-94,Guard,isiah-thomas,185,USA
78149,Jack Sikma,1107,17287,10816,3488,1162,1048,1,0,0,7,19.6,1981-82,12.7,1981-82,4.2,1984-85,1.2,1981-82,1.3,1984-85,14,1977-78 - 1990-91,Center,jack-sikma,211,USA
78388,Jack Twyman,823,15840,5424,1861,0,0,0,0,0,6,31.2,1959-60,9.1,1958-59,3.5,1959-60,0.0,1955-56,0.0,1955-56,11,1955-56 - 1965-66,Forward,jack-twyman,198,USA
1460,James Worthy,926,16320,4708,2791,1041,624,3,0,1,7,21.4,1990-91,6.4,1984-85,4.7,1991-92,1.4,1991-92,1.0,1985-86,12,1982-83 - 1993-94,Forward,james-worthy,206,USA
467,Jason Kidd,1526,18992,9574,13393,2944,496,1,0,0,10,18.7,2002-03,8.2,2006-07,10.8,1998-99,2.4,1996-97,0.5,2008-09,19,1994-95 - 2012-13,Guard,jason-kidd,193,USA
979,Jermaine O'Neal,1079,14214,7694,1491,499,1956,0,0,0,6,24.3,2004-05,10.5,2001-02,2.6,2005-06,0.9,2002-03,2.8,2000-01,18,1996-97 - 2013-14,Center-Forward,jermaine-oneal,211,USA
77418,Jerry Lucas,896,15063,13893,2903,28,24,1,0,0,7,21.5,1965-66,21.1,1965-66,4.5,1972-73,0.4,1973-74,0.3,1973-74,11,1963-64 - 1973-74,Forward,jerry-lucas,203,USA
78497,Jerry West,932,25192,5376,6238,81,23,1,0,1,14,31.3,1965-66,7.9,1961-62,9.7,1971-72,2.6,1973-74,0.7,1973-74,14,1960-61 - 1973-74,Guard,jerry-west,190,USA
247,Joe Dumars,1018,16402,2203,4612,902,83,2,0,1,6,23.5,1992-93,2.8,1989-90,5.7,1988-89,1.1,1990-91,0.2,1987-88,14,1985-86 - 1998-99,Guard,joe-dumars,190,USA
2207,Joe Johnson,1490,22352,5780,5581,1209,291,0,0,0,7,25.0,2006-07,5.1,2004-05,6.5,2005-06,1.3,2005-06,0.4,2001-02,18,2001-02 - 2021-22,Guard-Forward,joe-johnson,201,USA
76970,John Havlicek,1270,26395,8007,6114,476,117,8,0,1,13,28.9,1970-71,9.0,1970-71,7.5,1970-71,1.3,1974-75,0.4,1973-74,16,1962-63 - 1977-78,Forward,john-havlicek,196,USA
304,John Stockton,1504,19711,4051,15806,3265,315,0,0,0,10,17.2,1989-90,3.3,1991-92,14.5,1989-90,3.2,1988-89,0.3,2001-02,19,1984-85 - 2002-03,Guard,john-stockton,185,USA
78510,Jojo White,913,15346,3545,4442,766,119,2,0,1,7,23.1,1971-72,5.6,1971-72,6.1,1972-73,1.6,1974-75,0.3,1973-74,12,1969-70 - 1980-81,Guard,jojo-white,190,USA
76681,Julius Erving,836,18364,5601,3224,1508,1293,1,1,0,11,26.9,1979-80,8.5,1976-77,4.6,1978-79,2.2,1979-80,1.8,1982-83,11,1976-77 - 1986-87,Forward,julius-erving,201,USA
76003,Kareem Abdul-Jabbar,1560,38387,17440,5660,1160,3189,6,6,2,19,34.8,1971-72,16.9,1975-76,5.4,1978-79,1.7,1977-78,4.1,1975-76,20,1969-70 - 1988-89,Center,kareem-abdul-jabbar,218,USA
252,Karl Malone,1476,36928,14968,5248,2085,1145,0,2,0,14,31.0,1989-90,12.0,1987-88,4.7,2002-03,1.9,2001-02,1.5,1993-94,19,1985-86 - 2003-04,Forward,karl-malone,206,USA
708,Kevin Garnett,1509,26394,14973,5522,1905,2054,1,1,0,15,24.2,2003-04,13.9,2003-04,6.0,2002-03,1.7,1997-98,2.2,2003-04,21,1995-96 - 2015-16,Forward,kevin-garnett,211,USA
1450,Kevin McHale,971,17335,7122,1670,344,1690,3,0,0,7,26.1,1986-87,9.9,1986-87,2.7,1987-88,0.5,1986-87,2.3,1982-83,13,1980-81 - 1992-93,Forward,kevin-mchale,208,USA
788,Kevin Willis,1644,19923,13803,1517,1107,880,1,0,0,1,21.0,1994-95,18.0,1994-95,2.1,1991-92,1.0,1993-94,1.5,1994-95,21,1984-85 - 2006-07,Center-Forward,kevin-willis,213,USA
977,Kobe Bryant,1346,33643,7047,6306,1944,640,5,1,2,18,35.4,2005-06,6.9,2002-03,6.3,2013-14,2.2,2002-03,1.0,1998-99,20,1996-97 - 2015-16,Forward-Guard,kobe-bryant,198,USA
200746,LaMarcus Aldridge,1102,20910,8854,2125,769,1216,0,0,0,7,23.4,2014-15,11.1,2013-14,2.6,2020-21,1.0,2010-11,2.2,2020-21,16,2006-07 - 2021-22,Center-Forward,lamarcus-aldridge,211,USA
1449,Larry Bird,897,21791,8974,5695,1556,755,3,3,2,12,29.9,1987-88,11.0,1982-83,7.6,1986-87,2.0,1985-86,1.2,1984-85,13,1979-80 - 1991-92,Forward,larry-bird,206,USA
76454,Larry Costello,706,8622,2705,3215,0,0,1,0,0,6,15.8,1958-59,5.5,1959-60,6.3,1959-60,0.0,1954-55,0.0,1954-55,12,1954-55 - 1967-68,Guard,larry-costello,185,USA
76744,Larry Foust,817,11198,8041,1368,0,0,0,0,0,8,17.0,1954-55,13.4,1953-54,3.0,1951-52,0.0,1950-51,0.0,1950-51,12,1950-51 - 1961-62,Center,larry-foust,206,USA
78530,Lenny Wilkens,1077,17772,5030,7211,174,26,0,0,0,9,22.4,1968-69,6.5,1961-62,9.6,1971-72,1.3,1973-74,0.2,1973-74,15,1960-61 - 1974-75,Guard,lenny-wilkens,185,USA
77074,Lou Hudson,890,17940,3926,2432,516,98,0,0,0,6,27.1,1972-73,6.6,1968-69,4.0,1971-72,2.5,1973-74,0.4,1973-74,13,1966-67 - 1978-79,Forward,lou-hudson,196,USA
77142,Magic Johnson,906,17707,6559,10141,1724,374,5,3,3,12,23.9,1986-87,9.6,1981-82,13.1,1983-84,3.4,1980-81,0.7,1983-84,13,1979-80 - 1995-96,Forward-Guard,magic-johnson,206,USA
1938,Manu Ginobili,1057,14043,3697,4001,1392,319,4,0,0,2,19.5,2007-08,4.8,2007-08,4.9,2009-10,1.8,2003-04,0.4,2007-08,16,2002-03 - 2017-18,Guard,manu-ginobili,198,Argentina
349,Mark Jackson,1461,13932,5663,11930,1789,136,0,0,0,1,16.9,1988-89,5.2,1996-97,12.3,1996-97,2.5,1987-88,0.2,1994-95,17,1987-88 - 2003-04,Guard,mark-jackson,190,USA
76385,Maurice Cheeks,1182,12984,3328,7845,2434,304,1,0,0,4,15.6,1986-87,3.5,1979-80,9.2,1985-86,2.6,1986-87,0.5,1980-81,15,1978-79 - 1992-93,Guard,maurice-cheeks,185,USA
893,Michael Jordan,1072,32292,6672,5633,2514,893,6,5,6,14,37.1,1986-87,8.0,1988-89,8.0,1988-89,3.2,1987-88,1.6,1987-88,15,1984-85 - 2002-03,Guard,michael-jordan,198,USA
782,Mitch Richmond,976,20497,3801,3398,1211,254,1,0,0,6,25.9,1996-97,5.9,1988-89,5.1,1991-92,1.6,1990-91,0.4,1990-91,14,1988-89 - 2001-02,Guard,mitch-richmond,196,USA
77449,Moses Malone,1411,28492,17284,1885,1156,1914,1,3,1,12,31.1,1981-82,17.6,1978-79,1.8,1978-79,1.1,1982-83,2.3,1976-77,19,1976-77 - 1994-95,Center,moses-malone,208,USA
76054,Nate Archibald,876,16481,2046,6476,719,81,1,0,0,6,34.0,1972-73,3.0,1970-71,11.4,1972-73,1.7,1976-77,0.3,1976-77,13,1970-71 - 1983-84,Guard,nate-archibald,185,USA
600001,Nate Thurmond,1042,14783,14879,2669,147,651,0,0,0,7,21.9,1969-70,22.0,1967-68,4.2,1967-68,0.7,1973-74,2.9,1973-74,14,1963-64 - 1976-77,Center,nate-thurmond,211,USA
77169,Neil Johnston,516,10023,5856,1269,0,0,1,0,0,6,24.4,1953-54,15.1,1954-55,3.2,1955-56,0.0,1951-52,0.0,1951-52,8,1951-52 - 1958-59,Center,neil-johnston,203,USA
600015,Oscar Robertson,1040,26710,7804,9887,77,4,1,1,0,12,31.4,1963-64,12.5,1961-62,11.5,1964-65,1.1,1973-74,0.1,1973-74,14,1960-61 - 1973-74,Guard,oscar-robertson,196,USA
121,Patrick Ewing,1183,24815,11607,2215,1136,2894,0,0,0,11,28.6,1989-90,12.1,1992-93,3.0,1990-91,1.5,1988-89,4.0,1989-90,17,1985-86 - 2001-02,Center,patrick-ewing,213,Jamaica
1627775,Patrick McCaw,228,834,367,299,162,33,3,0,0,0,4.6,2019-20,2.3,2019-20,2.1,2019-20,1.1,2019-20,0.2,2016-17,5,2016-17 - 2020-21,Guard,patrick-mccaw,201,USA
2200,Pau Gasol,1322,22258,11995,4188,641,2054,2,0,0,6,20.8,2006-07,11.8,2014-15,4.6,2005-06,0.7,2004-05,2.1,2006-07,18,2001-02 - 2018-19,Center-Forward,pau-gasol,213,Spain
76056,Paul Arizin,713,16266,6129,1665,0,0,1,0,0,10,26.4,1958-59,11.3,1951-52,2.9,1954-55,0.0,1950-51,0.0,1950-51,10,1950-51 - 1961-62,Forward,paul-arizin,193,USA
1718,Paul Pierce,1343,26397,7527,4708,1752,745,1,0,1,10,26.8,2005-06,7.3,2002-03,5.1,2003-04,2.1,1999-00,1.0,2001-02,19,1998-99 - 2016-17,Forward,paul-pierce,201,USA
78151,Paul Silas,1254,11782,12357,2572,358,138,3,0,0,2,17.5,1971-72,13.0,1972-73,4.3,1971-72,0.8,1977-78,0.4,1975-76,16,1964-65 - 1979-80,Forward,paul-silas,201,USA
200765,Rajon Rondo,1109,10373,4940,8491,1676,142,2,0,0,4,13.7,2012-13,7.5,2014-15,11.7,2011-12,2.3,2009-10,0.3,2021-22,16,2006-07 - 2021-22,Guard,rajon-rondo,185,USA
951,Ray Allen,1376,26218,5653,4695,1554,258,2,0,0,10,26.4,2006-07,5.6,2002-03,5.9,2002-03,1.6,2002-03,0.3,2009-10,18,1996-97 - 2013-14,Guard,ray-allen,196,USA
397,Reggie Miller,1389,25279,4182,4141,1505,299,0,0,0,5,24.6,1989-90,3.9,1988-89,4.0,1990-91,1.5,1993-94,0.4,1988-89,18,1987-88 - 2004-05,Guard,reggie-miller,201,USA
76902,Richie Guerin,848,14676,4278,4211,0,0,0,0,0,6,29.5,1961-62,7.9,1960-61,6.9,1961-62,0.0,1956-57,0.0,1956-57,13,1956-57 - 1969-70,Guard,richie-guerin,193,USA
600013,Rick Barry,794,18395,5168,4017,1104,269,1,0,1,8,35.6,1966-67,10.6,1965-66,6.3,1978-79,2.9,1974-75,0.7,1976-77,10,1965-66 - 1979-80,Forward,rick-barry,201,USA
109,Robert Horry,1161,8138,5506,2453,1224,1090,7,0,0,0,12.0,1995-96,7.5,1997-98,4.0,1995-96,1.7,1996-97,1.5,1995-96,16,1992-93 - 2007-08,Forward-Center,robert-horry,208,USA
305,Robert Parish,1611,23334,14715,2180,1219,2361,4,0,0,9,19.9,1981-82,12.4,1988-89,2.2,1988-89,1.3,1978-79,2.9,1978-79,21,1976-77 - 1996-97,Center,robert-parish,216,USA
393,Rod Strickland,1291,16211,4638,9002,1831,245,0,0,0,0,18.9,1994-95,5.3,1997-98,10.5,1997-98,2.1,1991-92,0.3,1997-98,17,1988-89 - 2004-05,Guard,rod-strickland,190,USA
937,Scottie Pippen,1178,18940,7494,6135,2307,947,6,0,0,7,22.0,1993-94,8.7,1993-94,7.0,1991-92,2.9,1994-95,1.2,1989-90,17,1987-88 - 2003-04,Forward-Guard,scottie-pippen,203,USA
406,Shaquille O'Neal,1268,29428,13653,3119,771,2820,4,1,3,15,29.7,1999-00,13.9,1992-93,3.8,1999-00,0.9,1993-94,3.5,1992-93,19,1992-93 - 2010-11,Center,shaquille-oneal,216,USA
2733,Shaun Livingston,947,5969,2253,2848,658,355,3,0,0,0,9.3,2006-07,3.4,2006-07,5.1,2006-07,1.2,2013-14,0.6,2012-13,14,2004-05 - 2018-19,Guard,shaun-livingston,201,USA
431,Shawn Kemp,1051,15347,8834,1704,1185,1279,0,0,0,6,20.5,1998-99,11.4,1995-96,2.6,1993-94,1.8,1993-94,2.1,1993-94,14,1989-90 - 2002-03,Forward,shawn-kemp,208,USA
77480,Slater Martin,745,7337,2302,3160,0,0,5,0,0,7,13.6,1954-55,4.4,1956-57,6.2,1955-56,0.0,1949-50,0.0,1949-50,11,1949-50 - 1959-60,Guard,slater-martin,178,USA
950,Stephon Marbury,976,18980,2921,7627,1210,138,0,0,0,2,23.9,2000-01,3.4,1998-99,9.3,2003-04,1.9,2003-04,0.3,1996-97,13,1996-97 - 2008-09,Guard,stephon-marbury,188,USA
959,Steve Nash,1217,17387,3642,10335,899,102,0,2,0,8,18.8,2005-06,4.2,2005-06,11.6,2006-07,1.0,2002-03,0.2,2005-06,18,1996-97 - 2013-14,Guard,steve-nash,190,Canada
78060,Thomas Sanders,916,8766,5798,1026,0,0,8,0,0,0,12.6,1965-66,9.5,1961-62,1.6,1969-70,0.0,1960-61,0.0,1960-61,13,1960-61 - 1972-73,Forward,thomas-sanders,198,USA
1495,Tim Duncan,1392,26496,15091,4225,1025,3020,5,2,3,15,25.5,2001-02,12.9,2002-03,3.9,2002-03,0.9,1998-99,2.9,2002-03,19,1997-98 - 2015-16,Center-Forward,tim-duncan,211,US Virgin Islands
896,Tim Hardaway,1015,17242,3208,8013,1617,156,0,0,0,5,23.4,1991-92,4.0,1990-91,10.6,1992-93,2.6,1990-91,0.2,1995-96,13,1989-90 - 2002-03,Guard,tim-hardaway,183,USA
76988,Tom Heinsohn,654,12194,5749,1318,0,0,8,0,0,6,22.1,1961-62,10.6,1959-60,2.5,1958-59,0.0,1956-57,0.0,1956-57,9,1956-57 - 1964-65,Forward,tom-heinsohn,201,USA
2225,Tony Parker,1254,19473,3396,7036,1053,98,4,0,1,6,22.0,2008-09,3.7,2004-05,7.7,2011-12,1.2,2004-05,0.2,2015-16,18,2001-02 - 2018-19,Guard,tony-parker,188,France
1503,Tracy McGrady,968,18626,5370,4260,1151,821,0,0,0,7,32.1,2002-03,7.9,2001-02,6.5,2006-07,1.7,2004-05,1.9,1999-00,15,1997-98 - 2011-12,Guard-Forward,tracy-mcgrady,203,USA
2617,Udonis Haslem,879,6586,5791,733,424,252,3,0,0,0,12.0,2007-08,9.1,2004-05,1.4,2007-08,0.8,2007-08,0.5,2004-05,20,2003-04 - 2022-23,Forward,udonis-haslem,201,USA
77593,Vern Mikkelsen,699,10063,5940,1515,0,0,4,0,0,6,18.7,1954-55,11.2,1957-58,2.8,1950-51,0.0,1949-50,0.0,1949-50,10,1949-50 - 1958-59,Forward,vern-mikkelsen,201,USA
1713,Vince Carter,1691,28636,7282,5187,1706,956,0,0,0,8,27.6,2000-01,6.0,2006-07,5.1,2007-08,1.6,2001-02,1.5,1998-99,22,1998-99 - 2019-20,Guard-Forward,vince-carter,198,USA
76144,Walt Bellamy,1290,25205,17303,3098,52,48,0,0,0,4,31.6,1961-62,19.0,1961-62,3.8,1969-70,0.7,1973-74,0.6,1973-74,14,1961-62 - 1974-75,Center,walt-bellamy,208,USA
76750,Walt Frazier,825,15581,4830,5040,681,63,2,0,0,7,23.2,1971-72,7.3,1972-73,8.2,1969-70,2.4,1974-75,0.3,1979-80,13,1967-68 - 1979-80,Guard,walt-frazier,193,USA
1453,Walter Davis,1104,20445,3234,4003,1360,136,0,0,0,6,24.2,1977-78,6.0,1977-78,5.5,1983-84,1.9,1978-79,0.3,1978-79,15,1977-78 - 1991-92,Guard,walter-davis,198,USA
78392,Wes Unseld,984,10624,13769,3822,628,367,1,1,1,5,16.2,1969-70,18.2,1968-69,5.2,1975-76,1.6,1974-75,0.9,1974-75,13,1968-69 - 1980-81,Center,wes-unseld,201,USA
77929,Willis Reed,650,12183,8414,1186,12,21,2,1,2,7,21.7,1969-70,14.7,1964-65,2.3,1968-69,0.6,1973-74,1.1,1973-74,10,1964-65 - 1973-74,Center,willis-reed,208,USA
76375,Wilt Chamberlain,1118,33953,25597,4893,0,0,2,4,1,13,50.4,1961-62,27.2,1960-61,8.6,1967-68,0.0,1959-60,0.0,1959-60,14,1959-60 - 1972-73,Center,wilt-chamberlain,216,USA
2397,Yao Ming,486,9247,4494,769,189,920,0,0,0,8,25.0,2006-07,10.8,2007-08,2.3,2007-08,0.5,2005-06,2.0,2007-08,8,2002-03 - 2010-11,Center,yao-ming,229,China
769,B.J. Armstrong,845,7686,1436,2690,574,47,3,0,0,1,14.8,1993-94,2.3,1994-95,4.9,1995-96,1.0,1994-95,0.1,1993-94,11,1989-90 - 1999-00,Guard,bj-armstrong,188,USA
753,Randy Brown,655,3148,1173,1420,722,156,3,0,0,0,8.8,1998-99,3.4,1998-99,3.8,1998-99,1.7,1998-99,1.0,2001-02,12,1991-92 - 2002-03,Guard,randy-brown,188,USA
146,Jud Buechler,814,2566,1434,615,354,159,3,0,0,0,6.2,1992-93,2.8,1992-93,1.3,1992-93,1.0,1991-92,0.5,1991-92,12,1990-91 - 2001-02,Guard-Forward,jud-buechler,198,USA
76362,Bill Cartwright,963,12713,6106,1390,460,668,3,0,0,1,21.7,1979-80,8.9,1979-80,2.5,1985-86,0.7,1986-87,1.5,1982-83,15,1979-80 - 1994-95,Center,bill-cartwright,216,USA
208,Sam Cassell,1117,17345,3554,6494,1181,188,3,0,0,1,19.8,2003-04,4.4,2002-03,9.0,1999-00,1.6,1997-98,0.4,1996-97,15,1993-94 - 2007-08,Guard,sam-cassell,190,USA
76428,Gene Conley,351,2069,2212,201,0,0,3,0,0,0,9.0,1962-63,8.3,1959-60,1.0,1962-63,0.0,1952-53,0.0,1952-53,6,1952-53 - 1963-64,Center,gene-conley,203,USA
76444,Michael Cooper,873,7729,2769,3666,1033,523,5,0,0,0,11.9,1981-82,4.1,1980-81,5.9,1983-84,1.6,1980-81,1.0,1980-81,12,1978-79 - 1989-90,Guard,michael-cooper,201,USA
229,James Edwards,1351,17263,7186,1702,501,1001,3,0,0,0,16.7,1981-82,8.5,1978-79,2.6,1980-81,0.7,1978-79,1.6,1980-81,19,1977-78 - 1995-96,Center,james-edwards,216,USA
53,Mario Elie,765,6502,2127,1920,690,139,3,0,0,0,11.7,1996-97,3.6,1990-91,4.0,1996-97,1.2,1996-97,0.3,1990-91,11,1990-91 - 2000-01,Guard-Forward,mario-elie,196,USA
296,Rick Fox,930,8966,3517,2649,967,355,3,0,0,0,15.4,1996-97,5.6,1995-96,4.6,1995-96,2.2,1996-97,0.6,1993-94,13,1991-92 - 2003-04,Forward,rick-fox,201,Canada
1904,Devean George,630,3536,1975,543,436,230,3,0,0,0,7.4,2003-04,4.0,2003-04,1.4,2003-04,1.0,2003-04,0.5,2002-03,11,1999-00 - 2009-10,Forward,devean-george,203,USA
76900,Gene Guarilia,129,413,294,36,0,0,3,0,0,0,3.6,1961-62,2.8,1960-61,0.4,1959-60,0.0,1959-60,0.0,1959-60,4,1959-60 - 1962-63,Forward,gene-guarilia,196,USA
166,Ron Harper,1044,14708,4515,4098,1797,770,5,0,0,0,23.0,1989-90,6.9,1989-90,7.0,1989-90,2.5,1986-87,1.3,1989-90,15,1986-87 - 2000-01,Guard,ron-harper,198,USA
76962,Bob Harrison,615,4418,1358,1672,0,0,3,0,0,1,10.1,1954-55,3.1,1954-55,3.8,1955-56,0.0,1949-50,0.0,1949-50,9,1949-50 - 1957-58,Guard,bob-harrison,185,USA
76993,Gerald Henderson,1093,9344,1786,3927,1128,117,3,0,0,0,13.4,1984-85,2.4,1986-87,7.1,1984-85,1.8,1984-85,0.2,1979-80,13,1979-80 - 1991-92,Guard,gerald-henderson,188,USA
2592,James Jones,709,3717,1276,366,226,218,3,0,0,0,9.3,2005-06,3.4,2005-06,0.8,2004-05,0.5,2005-06,0.7,2005-06,14,2003-04 - 2016-17,Guard-Forward,james-jones,203,USA
77188,K.C. Jones,676,5011,2399,2908,0,0,8,0,0,0,9.2,1961-62,4.7,1963-64,6.3,1965-66,0.0,1958-59,0.0,1958-59,9,1958-59 - 1966-67,Guard,kc-jones,185,USA
77196,Sam Jones,871,15411,4305,2209,0,0,10,0,0,5,25.9,1964-65,6.0,1958-59,3.2,1965-66,0.0,1957-58,0.0,1957-58,12,1957-58 - 1968-69,Guard,sam-jones,193,USA
70,Steve Kerr,962,5571,1105,1728,486,47,5,0,0,0,8.6,1993-94,1.6,1991-92,3.2,1989-90,0.9,1993-94,0.2,1991-92,15,1988-89 - 2002-03,Guard,steve-kerr,185,USA
351,Stacey King,498,3228,1728,446,206,253,3,0,0,0,11.8,1993-94,6.1,1993-94,1.3,1993-94,0.7,1993-94,1.7,1993-94,8,1989-90 - 1996-97,Forward-Center,stacey-king,211,USA
389,Toni Kukoc,967,11361,4087,3583,942,329,3,0,0,0,19.7,2000-01,7.0,1998-99,6.2,2000-01,1.8,1999-00,0.8,1999-00,13,1993-94 - 2005-06,Forward,toni-kukoc,211,Croatia
26,Luc Longley,643,4618,3227,945,323,628,3,0,0,0,11.4,1997-98,6.0,1993-94,2.8,1997-98,0.9,1992-93,1.4,1992-93,10,1991-92 - 2000-01,,luc-longley,0,
77409,Jim Loscutoff,511,3156,2848,353,0,0,6,0,0,0,10.6,1956-57,10.4,1956-57,1.3,1956-57,0.0,1955-56,0.0,1955-56,9,1955-56 - 1963-64,Forward,jim-loscutoff,196,USA
77414,Clyde Lovellette,704,11947,6663,1097,0,0,3,0,0,4,23.4,1957-58,14.0,1955-56,2.6,1960-61,0.0,1953-54,0.0,1953-54,11,1953-54 - 1963-64,Center,clyde-lovellette,206,USA
201580,JaVale McGee,1039,8041,5354,459,401,1464,3,0,0,0,12.0,2018-19,8.8,2011-12,1.0,2020-21,0.6,2018-19,2.5,2011-12,16,2008-09 - 2023-24,Center-Forward,javale-mcgee,213,USA
77693,Willie Naulls,716,11305,6508,1114,0,0,3,0,0,4,25.0,1961-62,14.2,1959-60,2.6,1961-62,0.0,1956-57,0.0,1956-57,10,1956-57 - 1965-66,Forward,willie-naulls,198,USA
77700,Don Nelson,1053,10898,5192,1526,65,35,5,0,0,0,15.4,1969-70,7.3,1969-70,2.3,1971-72,0.4,1974-75,0.2,1974-75,14,1962-63 - 1975-76,Forward,don-nelson,198,USA
77820,John Paxson,772,5560,906,2758,517,44,3,0,0,0,11.3,1986-87,1.7,1986-87,5.7,1986-87,1.0,1989-90,0.1,1991-92,11,1983-84 - 1993-94,Guard,john-paxson,188,USA
781,Will Perdue,792,3740,3918,595,226,527,4,0,0,0,8.7,1996-97,9.8,1996-97,1.2,1994-95,0.5,1996-97,1.6,1996-97,13,1988-89 - 2000-01,Center,will-perdue,213,USA
77867,Jim Pollard,438,5762,2487,1417,0,0,5,0,0,4,15.5,1951-52,9.1,1951-52,3.8,1949-50,0.0,1948-49,0.0,1948-49,7,1948-49 - 1954-55,Forward,jim-pollard,190,USA
77905,Kurt Rambis,1026,5242,5713,1119,904,511,4,0,0,0,11.1,1988-89,9.4,1988-89,2.1,1988-89,2.0,1989-90,1.2,1981-82,14,1981-82 - 1994-95,Forward,kurt-rambis,203,USA
77907,Frank Ramsey,623,8378,3410,1134,0,0,7,0,0,0,16.5,1957-58,7.3,1957-58,2.9,1954-55,0.0,1954-55,0.0,1954-55,9,1954-55 - 1963-64,Forward,frank-ramsey,190,USA
927,John Salley,790,5413,3496,970,470,1010,4,0,0,0,9.5,1991-92,6.1,1992-93,1.8,1993-94,0.7,1993-94,1.9,1989-90,11,1986-87 - 1999-00,Center-Forward,john-salley,211,USA
2,Byron Scott,1073,15097,2987,2729,1224,276,3,0,0,0,21.7,1987-88,4.1,1987-88,4.1,1987-88,1.9,1987-88,0.4,1989-90,14,1983-84 - 1996-97,Guard,byron-scott,193,USA
216,Brian Shaw,1065,7414,3602,4429,853,291,3,0,0,0,13.8,1990-91,4.7,1990-91,7.6,1990-91,1.3,1990-91,0.6,1991-92,14,1988-89 - 2002-03,Guard,brian-shaw,198,USA
78147,Larry Siegfried,581,6078,1609,2022,0,0,5,0,0,0,14.2,1968-69,3.9,1970-71,6.5,1970-71,0.0,1963-64,0.0,1963-64,9,1963-64 - 1971-72,Guard,larry-siegfried,190,USA
78532,Jamaal Wilkes,828,14644,5117,2050,1049,262,3,0,0,3,22.6,1980-81,8.8,1975-76,3.6,1977-78,1.7,1976-77,0.5,1983-84,12,1974-75 - 1985-86,Forward,jamaal-wilkes,198,USA
281,Scott Williams,796,4037,3652,449,416,439,3,0,0,0,7.6,1999-00,6.6,1999-00,1.0,1993-94,1.0,1998-99,1.0,1999-00,15,1990-91 - 2004-05,Forward-Center,scott-williams,208,USA
