ID,Full Name,Country,Unnamed: 3,Height,Position,Team Abbreviation,Team Full Name,Total Games,Total Points,Total Assists,Total Rebounds,Total Blocks,Total Steals,Avg Points,Avg Rebounds,Avg Assists,Avg Blocks,Avg Steals,Season Games,Season Points,Season Assists,Season Rebounds,Season Blocks,Season Steals,Season Avg Points,Season Avg Rebounds,Season Avg Assists,Season Avg Blocks,Season Avg Steals,Player Slug,Career Span
1630173,Precious Achiuwa,Nigeria,,203,Forward,SAC,Sacramento Kings,467,3721,511,2792,327,292,8.0,6.0,1.1,0.7,0.6,,,,,,,,,,,,precious-achiuwa,2020-21 - 2025-26
203500,Steven Adams,New Zealand,,211,Center,HOU,Houston Rockets,796,6930,1193,6391,723,668,8.7,8.0,1.5,0.9,0.8,,,,,,,,,,,,steven-adams,2013-14 - 2025-26
1628389,Bam Adebayo,USA,,206,Center-Forward,MIA,Miami Heat,640,10391,2276,5756,538,693,16.2,9.0,3.6,0.8,1.1,,,,,,,,,,,,bam-adebayo,2017-18 - 2025-26
1630583,Santi Aldama,Spain,,213,Forward-Center,DAL,Dallas Mavericks,278,2895,570,1513,172,183,10.4,5.4,2.1,0.6,0.7,,,,,,,,,,,,santi-aldama,2021-22 - 2025-26
1641725,Trey Alexander,USA,,196,Guard,UTA,Utah Jazz,33,79,20,23,3,8,2.4,0.7,0.6,0.1,0.2,,,,,,,,,,,,trey-alexander,2024-25 - 2025-26
1629638,Nickeil Alexander-Walker,Canada,,196,Guard,ATL,Atlanta Hawks,583,5937,1432,1504,236,436,10.2,2.6,2.5,0.4,0.7,,,,,,,,,,,,nickeil-alexander-walker,2019-20 - 2025-26
1628960,Grayson Allen,USA,,190,Guard,CHA,Charlotte Hornets,454,5091,1007,1371,125,362,11.2,3.0,2.2,0.3,0.8,,,,,,,,,,,,grayson-allen,2018-19 - 2025-26
1628386,Jarrett Allen,USA,,206,Center,CLE,Cleveland Cavaliers,687,8954,1154,6346,840,458,13.0,9.2,1.7,1.2,0.7,,,,,,,,,,,,jarrett-allen,2017-18 - 2025-26
1630631,Jose Alvarado,USA,,183,Guard,NYK,New York Knicks,365,2876,1182,847,62,403,7.9,2.3,3.2,0.2,1.1,,,,,,,,,,,,jose-alvarado,2021-22 - 2025-26
203937,Kyle Anderson,USA,,203,Forward-Guard,TOR,Toronto Raptors,861,5765,2375,3573,526,829,6.7,4.1,2.8,0.6,1.0,,,,,,,,,,,,kyle-anderson,2014-15 - 2025-26
1630828,Alex Antetokounmpo,Greece,,203,Forward,MIL,Milwaukee Bucks,6,19,1,6,1,0,3.2,1.0,0.2,0.2,0.0,,,,,,,,,,,,alex-antetokounmpo,2025-26 - 2025-26
203507,Giannis Antetokounmpo,Greece,,211,Forward,MIA,Miami Heat,895,21531,4484,8882,1088,995,24.1,9.9,5.0,1.2,1.1,,,,,,,,,,,,giannis-antetokounmpo,2013-14 - 2025-26
203648,Thanasis Antetokounmpo,Greece,,201,Forward,MIL,Milwaukee Bucks,232,528,130,337,37,68,2.3,1.5,0.6,0.2,0.3,,,,,,,,,,,,thanasis-antetokounmpo,2015-16 - 2025-26
1628384,OG Anunoby,United Kingdom,,201,Forward-Guard,NYK,New York Knicks,609,8184,1083,2703,373,809,13.4,4.4,1.8,0.6,1.3,,,,,,,,,,,,og-anunoby,2017-18 - 2025-26
1630166,Deni Avdija,Israel,,203,Forward,POR,Portland Trail Blazers,425,5643,1450,2690,200,338,13.3,6.3,3.4,0.5,0.8,,,,,,,,,,,,deni-avdija,2020-21 - 2025-26
1629028,Deandre Ayton,Bahamas,,213,Center,WAS,Washington Wizards,470,7439,708,4742,450,333,15.8,10.1,1.5,1.0,0.7,,,,,,,,,,,,deandre-ayton,2018-19 - 2025-26
1628963,Marvin Bagley III,USA,,208,Forward,DEN,Denver Nuggets,538,5992,525,3355,326,237,11.1,6.2,1.0,0.6,0.4,,,,,,,,,,,,marvin-bagley-iii,2018-19 - 2025-26
1642846,Ace Bailey,USA,,206,Forward,UTA,Utah Jazz,72,993,131,302,49,60,13.8,4.2,1.8,0.7,0.8,,,,,,,,,,,,ace-bailey,2025-26 - 2025-26
1630163,LaMelo Ball,USA,,201,Guard,MIN,Minnesota Timberwolves,303,6304,2224,1726,93,427,20.8,5.7,7.3,0.3,1.4,,,,,,,,,,,,lamelo-ball,2020-21 - 2025-26
1631094,Paolo Banchero,USA,,208,Forward,ORL,Orlando Magic,270,6031,1292,2000,154,218,22.3,7.4,4.8,0.6,0.8,,,,,,,,,,,,paolo-banchero,2022-23 - 2025-26
1630217,Desmond Bane,USA,,198,Guard,ORL,Orlando Magic,395,7227,1517,1776,154,398,18.3,4.5,3.8,0.4,1.0,,,,,,,,,,,,desmond-bane,2020-21 - 2025-26
1631230,Dominick Barlow,USA,,206,Forward,PHI,Philadelphia 76ers,167,947,166,640,102,94,5.7,3.8,1.0,0.6,0.6,,,,,,,,,,,,dominick-barlow,2022-23 - 2025-26
203084,Harrison Barnes,USA,,201,Forward,SAS,San Antonio Spurs,1147,15837,2002,5316,203,772,13.8,4.6,1.7,0.2,0.7,,,,,,,,,,,,harrison-barnes,2012-13 - 2025-263
1630567,Scottie Barnes,USA,,203,Forward-Guard,TOR,Toronto Raptors,356,6204,1842,2665,383,445,17.4,7.5,5.2,1.1,1.2,,,,,,,,,,,,scottie-barnes,2021-22 - 2025-26
1642964,Brooks Barnhizer,USA,,196,Guard,OKC,Oklahoma City Thunder,40,68,22,78,5,11,1.7,1.9,0.6,0.1,0.3,,,,,,,,,,,,brooks-barnhizer,2025-26 - 2025-26
1629628,RJ Barrett,Canada,,198,Forward-Guard,TOR,Toronto Raptors,502,9561,1658,2765,148,332,19.0,5.5,3.3,0.3,0.7,,,,,,,,,,,,rj-barrett,2019-20 - 2025-26
1629646,Charles Bassey,Nigeria,,208,Center-Forward,GSW,Golden State Warriors,139,640,107,597,119,51,4.6,4.3,0.8,0.9,0.4,,,,,,,,,,,,charles-bassey,2021-22 - 2025-26
1642419,Jamison Battle,USA,,201,Forward,TOR,Toronto Raptors,120,611,77,247,13,24,5.1,2.1,0.6,0.1,0.2,,,,,,,,,,,,jamison-battle,2024-25 - 2025-26
201587,Nicolas Batum,France,,201,Guard-Forward,LAC,LA Clippers,1265,11873,3740,5904,758,1123,9.4,4.7,3.0,0.6,0.9,,,,,,,,,,,,nicolas-batum,2008-09 - 2025-26
203078,Bradley Beal,USA,,193,Guard,LAC,LA Clippers,807,17306,3442,3251,339,885,21.4,4.0,4.3,0.4,1.1,,,,,,,,,,,,bradley-beal,2012-13 - 2025-26
1642866,Joan Beringer,France,,211,Forward,MIN,Minnesota Timberwolves,40,156,12,92,26,7,3.9,2.3,0.3,0.7,0.2,,,,,,,,,,,,joan-beringer,2025-26 - 2025-26
1630180,Saddiq Bey,USA,,203,Guard-Forward,NOP,New Orleans Pelicans,441,6436,838,2294,74,384,14.6,5.2,1.9,0.2,0.9,,,,,,,,,,,,saddiq-bey,2020-21 - 2025-26
1629048,Goga Bitadze,Georgia,,211,Center-Forward,ORL,Orlando Magic,421,2274,493,1776,422,190,5.4,4.2,1.2,1.0,0.5,,,,,,,,,,,,goga-bitadze,2019-20 - 2025-26
1641710,Anthony Black,USA,,201,Guard,ORL,Orlando Magic,211,2011,567,613,114,212,9.5,2.9,2.7,0.5,1.0,,,,,,,,,,,,anthony-black,2023-24 - 2025-26
203992,Bogdan Bogdanović,Serbia,,196,Guard,HOU,Houston Rockets,580,7927,1813,1897,142,556,13.7,3.3,3.1,0.2,1.0,,,,,,,,,,,,bogdan-bogdanović,2017-18 - 2025-26
1641737,Adem Bona,Nigeria,,208,Forward,PHI,Philadelphia 76ers,129,681,59,552,151,56,5.3,4.3,0.5,1.2,0.4,,,,,,,,,,,,adem-bona,2024-25 - 2025-26
1626164,Devin Booker,USA,,196,Guard,PHX,Phoenix Suns,737,18120,3908,2966,208,628,24.6,4.0,5.3,0.3,0.9,,,,,,,,,,,,devin-booker,2015-16 - 2025-26
1628396,Tony Bradley,USA,,208,Center-Forward,ATL,Atlanta Hawks,317,1477,177,1242,152,71,4.7,3.9,0.6,0.5,0.2,,,,,,,,,,,,tony-bradley,2017-18 - 2025-26
1631128,Christian Braun,USA,,198,Guard,DEN,Denver Nuggets,281,2704,516,1108,101,198,9.6,3.9,1.8,0.4,0.7,,,,,,,,,,,,christian-braun,2022-23 - 2025-26
1642886,Koby Brea,USA,,196,Guard,PHX,Phoenix Suns,12,45,10,8,0,1,3.8,0.7,0.8,0.0,0.1,,,,,,,,,,,,koby-brea,2025-26 - 2025-26
1628969,Mikal Bridges,USA,,198,Guard-Forward,NYK,New York Knicks,721,11056,2094,2883,440,848,15.3,4.0,2.9,0.6,1.2,,,,,,,,,,,,mikal-bridges,2018-19 - 2025-26
1628970,Miles Bridges,USA,,201,Forward,PHX,Phoenix Suns,501,7956,1381,3077,328,368,15.9,6.1,2.8,0.7,0.7,,,,,,,,,,,,miles-bridges,2018-19 - 2025-26
1628415,Dillon Brooks,Canada,,201,Guard-Forward,PHX,Phoenix Suns,548,8101,1081,1797,133,506,14.8,3.3,2.0,0.2,0.9,,,,,,,,,,,,dillon-brooks,2017-18 - 2025-26
1641780,Johni Broome,USA,,206,Forward,LAC,LA Clippers,11,10,4,16,2,3,0.9,1.5,0.4,0.2,0.3,,,,,,,,,,,,johni-broome,2025-26 - 2025-26
1628971,Bruce Brown,USA,,193,Guard-Forward,DEN,Denver Nuggets,647,5760,1567,2695,270,596,8.9,4.2,2.4,0.4,0.9,,,,,,,,,,,,bruce-brown,2018-19 - 2025-26
1627759,Jaylen Brown,USA,,198,Guard-Forward,PHI,Philadelphia 76ers,674,13474,1953,3700,255,684,20.0,5.5,2.9,0.4,1.0,,,,,,,,,,,,jaylen-brown,2016-17 - 2025-26
1641738,Kobe Brown,USA,,201,Forward,IND,Indiana Pacers,206,872,209,497,34,65,4.2,2.4,1.0,0.2,0.3,,,,,,,,,,,,kobe-brown,2023-24 - 2025-26
1628973,Jalen Brunson,USA,,188,Guard,NYK,New York Knicks,561,10748,2952,1796,56,408,19.2,3.2,5.3,0.1,0.7,,,,,,,,,,,,jalen-brunson,2018-19 - 2025-26
1642868,Carter Bryant,USA,,198,Forward,SAS,San Antonio Spurs,71,298,47,178,23,16,4.2,2.5,0.7,0.3,0.2,,,,,,,,,,,,carter-bryant,2025-26 - 2025-26
1628418,Thomas Bryant,USA,,206,Center-Forward,CLE,Cleveland Cavaliers,518,4336,443,2497,331,177,8.4,4.8,0.9,0.6,0.3,,,,,,,,,,,,thomas-bryant,2017-18 - 2025-26
202710,Jimmy Butler III,USA,,198,Forward,GSW,Golden State Warriors,1027,18837,4518,5496,444,1655,18.3,5.4,4.4,0.4,1.6,,,,,,,,,,,,jimmy-butler,2011-12 - 2025-26
1641824,Matas Buzelis,USA,,203,Forward,CHI,Chicago Bulls,157,1940,237,726,191,84,12.4,4.6,1.5,1.2,0.5,,,,,,,,,,,,matas-buzelis,2024-25 - 2025-26
1631288,Jamal Cain,USA,,201,Forward,ORL,Orlando Magic,121,606,73,252,19,55,5.0,2.1,0.6,0.2,0.5,,,,,,,,,,,,jamal-cain,2022-23 - 2025-26
203484,Kentavious Caldwell-Pope,USA,,196,Guard,PHI,Philadelphia 76ers,963,10600,1791,2833,273,1100,11.0,2.9,1.9,0.3,1.1,,,,,,,,,,,,kentavious-caldwell-pope,2013-14 - 2025-26
1641739,Toumani Camara,Belgium,,201,Forward,POR,Portland Trail Blazers,230,2509,463,1214,118,276,10.9,5.3,2.0,0.5,1.2,,,,,,,,,,,,toumani-camara,2023-24 - 2025-26
203991,Clint Capela,Switzerland,,208,Center,HOU,Houston Rockets,739,8236,726,7330,1014,486,11.1,9.9,1.0,1.4,0.7,,,,,,,,,,,,clint-capela,2014-15 - 2025-26
1642928,Dylan Cardwell,USA,,208,Center,SAC,Sacramento Kings,44,238,62,332,67,30,5.4,7.5,1.4,1.5,0.7,,,,,,,,,,,,dylan-cardwell,2025-26 - 2025-26
1642382,Branden Carlson,USA,,213,Center,POR,Portland Trail Blazers,74,364,43,178,48,13,4.9,2.4,0.6,0.6,0.2,,,,,,,,,,,,branden-carlson,2024-25 - 2025-26
1642267,Bub Carrington,USA,,193,Guard,WAS,Washington Wizards,164,1685,745,617,38,106,10.3,3.8,4.5,0.2,0.6,,,,,,,,,,,,bub-carrington,2024-25 - 2025-26
1642269,Devin Carter,USA,,188,Guard,ATL,Atlanta Hawks,74,477,142,201,13,55,6.4,2.7,1.9,0.2,0.7,,,,,,,,,,,,devin-carter,2024-25 - 2025-26
1628975,Jevon Carter,USA,,183,Guard,ORL,Orlando Magic,584,3100,921,975,133,346,5.3,1.7,1.6,0.2,0.6,,,,,,,,,,,,jevon-carter,2018-19 - 2025-26
1628976,Wendell Carter Jr.,USA,,208,Center-Forward,ORL,Orlando Magic,515,6093,1023,4193,372,342,11.8,8.1,2.0,0.7,0.7,,,,,,,,,,,,wendell-carter-jr,2018-19 - 2025-26
1627936,Alex Caruso,USA,,196,Guard,OKC,Oklahoma City Thunder,473,3205,1288,1356,230,629,6.8,2.9,2.7,0.5,1.3,,,,,,,,,,,,alex-caruso,2017-18 - 2025-26
1642264,Stephon Castle,USA,,198,Guard,SAS,San Antonio Spurs,149,2323,834,659,41,152,15.6,4.4,5.6,0.3,1.0,,,,,,,,,,,,stephon-castle,2024-25 - 2025-26
1630658,Colin Castleton,USA,,208,Center,ORL,Orlando Magic,72,275,60,264,20,19,3.8,3.7,0.8,0.3,0.3,,,,,,,,,,,,colin-castleton,2023-24 - 2025-26
1630577,Julian Champagnie,USA,,201,Forward,SAS,San Antonio Spurs,272,2560,361,1117,125,183,9.4,4.1,1.3,0.5,0.7,,,,,,,,,,,,julian-champagnie,2022-23 - 2025-26
1630551,Justin Champagnie,USA,,198,Guard-Forward,WAS,Washington Wizards,192,1333,182,876,95,144,6.9,4.6,0.9,0.5,0.8,,,,,,,,,,,,justin-champagnie,2021-22 - 2025-26
1642353,Cam Christie,USA,,196,Guard,LAC,LA Clippers,68,174,37,90,4,21,2.6,1.3,0.5,0.1,0.3,,,,,,,,,,,,cam-christie,2024-25 - 2025-26
1631108,Max Christie,USA,,196,Guard,DAL,Dallas Mavericks,341,2855,524,982,113,204,8.4,2.9,1.5,0.3,0.6,,,,,,,,,,,,max-christie,2022-23 - 2025-26
1630619,Moussa Cisse,Guinea,,211,Center,DAL,Dallas Mavericks,38,170,9,216,45,19,4.5,5.7,0.2,1.2,0.5,,,,,,,,,,,,moussa-cisse,2025-26 - 2025-26
1631321,Sidy Cissoko,France,,198,Guard,POR,Portland Trail Blazers,131,492,150,230,30,63,3.8,1.8,1.1,0.2,0.5,,,,,,,,,,,,sidy-cissoko,2023-24 - 2025-26
1641740,Jaylen Clark,USA,,196,Guard,MIN,Minnesota Timberwolves,108,438,69,173,11,83,4.1,1.6,0.6,0.1,0.8,,,,,,,,,,,,jaylen-clark,2024-25 - 2025-26
203903,Jordan Clarkson,USA,,196,Guard,NYK,New York Knicks,977,14853,2664,3054,147,748,15.2,3.1,2.7,0.2,0.8,,,,,,,,,,,,jordan-clarkson,2014-15 - 2025-26
1629651,Nic Claxton,USA,,211,Center,CHI,Chicago Bulls,380,4024,788,2875,611,266,10.6,7.6,2.1,1.6,0.7,,,,,,,,,,,,nic-claxton,2019-20 - 2025-26
1642383,Walter Clayton Jr.,USA,,193,Guard,MEM,Memphis Grizzlies,138,1076,558,278,38,88,7.8,2.0,4.0,0.3,0.6,,,,,,,,,,,,walter-clayton-jr,2025-26 - 2025-26
1642363,Nique Clifford,USA,,196,Guard,SAC,Sacramento Kings,75,645,179,282,24,68,8.6,3.8,2.4,0.3,0.9,,,,,,,,,,,,nique-clifford,2025-26 - 2025-26
1642270,Donovan Clingan,USA,,218,Center,POR,Portland Trail Blazers,144,1370,239,1419,240,78,9.5,9.9,1.7,1.7,0.5,,,,,,,,,,,,donovan-clingan,2024-25 - 2025-26
1641730,Noah Clowney,USA,,208,Forward-Center,BKN,Brooklyn Nets,135,1362,166,535,82,82,10.1,4.0,1.2,0.6,0.6,,,,,,,,,,,,noah-clowney,2023-24 - 2025-26
1629599,Amir Coffey,USA,,201,Guard-Forward,PHX,Phoenix Suns,415,2446,420,733,53,159,5.9,1.8,1.0,0.1,0.4,,,,,,,,,,,,amir-coffey,2019-20 - 2025-26
1642268,Isaiah Collier,USA,,193,Guard,UTA,Utah Jazz,130,1303,869,385,36,132,10.0,3.0,6.7,0.3,1.0,,,,,,,,,,,,isaiah-collier,2024-25 - 2025-26
1628381,John Collins,USA,,206,Forward-Center,DET,Detroit Pistons,541,8488,767,4172,529,348,15.7,7.7,1.4,1.0,0.6,,,,,,,,,,,,john-collins,2017-18 - 2025-26
1628380,Zach Collins,USA,,206,Forward-Center,CHI,Chicago Bulls,452,3517,811,2171,288,191,7.8,4.8,1.8,0.6,0.4,,,,,,,,,,,,zach-collins,2017-18 - 2025-26
201144,Mike Conley,USA,,185,Guard,BOS,Boston Celtics,1293,17513,7232,3729,270,1711,13.5,2.9,5.6,0.2,1.3,,,,,,,,,,,,mike-conley,2007-08 - 2025-26
1626192,Pat Connaughton,USA,,196,Guard,CHA,Charlotte Hornets,637,3689,847,2084,160,294,5.8,3.3,1.3,0.3,0.5,,,,,,,,,,,,pat-connaughton,2015-16 - 2025-26
1630536,Sharife Cooper,USA,,183,Guard,WAS,Washington Wizards,54,340,129,91,5,16,6.3,1.7,2.4,0.1,0.3,,,,,,,,,,,,sharife-cooper,2021-22 - 2025-26
1641731,Bilal Coulibaly,France,,201,Guard,WAS,Washington Wizards,178,1916,454,793,143,210,10.8,4.5,2.6,0.8,1.2,,,,,,,,,,,,bilal-coulibaly,2023-24 - 2025-26
1642907,Cedric Coward,USA,,196,Guard,MEM,Memphis Grizzlies,62,843,171,364,27,40,13.6,5.9,2.8,0.4,0.6,,,,,,,,,,,,cedric-coward,2025-26 - 2025-26
1642384,Isaiah Crawford,USA,,198,Forward,HOU,Houston Rockets,29,41,6,24,5,3,1.4,0.8,0.2,0.2,0.1,,,,,,,,,,,,isaiah-crawford,2024-25 - 2025-26
1630595,Cade Cunningham,USA,,198,Guard,DET,Detroit Pistons,272,6119,2164,1476,179,307,22.5,5.4,8.0,0.7,1.1,,,,,,,,,,,,cade-cunningham,2021-22 - 2025-26
201939,Stephen Curry,USA,,188,Guard,GSW,Golden State Warriors,1069,26528,6743,4973,282,1602,24.8,4.7,6.3,0.3,1.5,,,,,,,,,,,,stephen-curry,2009-10 - 2025-26
1642359,Pacôme Dadiet,France,,206,Forward,NYK,New York Knicks,47,78,17,45,3,6,1.7,1.0,0.4,0.1,0.1,,,,,,,,,,,,pacôme-dadiet,2024-25 - 2025-26
1630700,Dyson Daniels,Australia,,201,Guard,ATL,Atlanta Hawks,272,2555,1080,1393,122,506,9.4,5.1,4.0,0.4,1.9,,,,,,,,,,,,dyson-daniels,2022-23 - 2025-26
203076,Anthony Davis,USA,,208,Forward-Center,WAS,Washington Wizards,858,20646,2246,9226,1958,1114,24.1,10.8,2.6,2.3,1.3,,,,,,,,,,,,anthony-davis,2012-13 - 2025-26
1642484,RayJ Dennis,USA,,185,Guard,ATL,Atlanta Hawks,45,178,80,64,10,15,4.0,1.4,1.8,0.2,0.3,,,,,,,,,,,,rayj-dennis,2024-25 - 2025-26
1628978,Donte DiVincenzo,USA,,193,Guard,MIN,Minnesota Timberwolves,540,5849,1630,2289,154,647,10.8,4.2,3.0,0.3,1.2,,,,,,,,,,,,donte-divincenzo,2018-19 - 2025-26
1631217,Moussa Diabaté,France,,208,Forward,CHA,Charlotte Hornets,177,1066,205,1147,121,114,6.0,6.5,1.2,0.7,0.6,,,,,,,,,,,,moussa-diabaté,2022-23 - 2025-26
1642885,Mohamed Diawara,France,,206,Forward,NYK,New York Knicks,69,246,53,94,6,17,3.6,1.4,0.8,0.1,0.2,,,,,,,,,,,,mohamed-diawara,2025-26 - 2025-26
1641711,Gradey Dick,USA,,201,Guard-Forward,TOR,Toronto Raptors,190,1742,217,472,19,127,9.2,2.5,1.1,0.1,0.7,,,,,,,,,,,,gradey-dick,2023-24 - 2025-26
1631172,Ousmane Dieng,France,,206,Forward,MIL,Milwaukee Bucks,223,1330,386,597,53,89,6.0,2.7,1.7,0.2,0.4,,,,,,,,,,,,ousmane-dieng,2022-23 - 2025-26
1642265,Rob Dillingham,USA,,188,Guard,CHI,Chicago Bulls,179,1037,384,312,13,114,5.8,1.7,2.1,0.1,0.6,,,,,,,,,,,,rob-dillingham,2024-25 - 2025-26
1629029,Luka Dončić,Slovenia,,203,Forward-Guard,LAL,Los Angeles Lakers,564,16429,4613,4785,258,750,29.1,8.5,8.2,0.5,1.3,,,,,,,,,,,,luka-dončić,2018-19 - 2025-26
1629652,Luguentz Dort,Canada,,193,Guard,ATL,Atlanta Hawks,432,5018,670,1648,177,410,11.6,3.8,1.6,0.4,0.9,,,,,,,,,,,,luguentz-dort,2019-20 - 2025-26
1630245,Ayo Dosunmu,USA,,193,Guard,MIN,Minnesota Timberwolves,417,4900,1410,1285,145,349,11.8,3.1,3.4,0.3,0.8,,,,,,,,,,,,ayo-dosunmu,2021-22 - 2025-26
203083,Andre Drummond,USA,,211,Center,NYK,New York Knicks,1143,13973,1564,13608,1407,1421,12.2,11.9,1.4,1.2,1.2,,,,,,,,,,,,andre-drummond,2012-13 - 2025-26
1627739,Kris Dunn,USA,,190,Guard,LAC,LA Clippers,489,3712,1912,1626,185,728,7.6,3.3,3.9,0.4,1.5,,,,,,,,,,,,kris-dunn,2016-17 - 2025-26
1642346,Ryan Dunn,USA,,201,Forward,PHX,Phoenix Suns,144,918,159,564,69,104,6.4,3.9,1.1,0.5,0.7,,,,,,,,,,,,ryan-dunn,2024-25 - 2025-26
201142,Kevin Durant,USA,,211,Forward,HOU,Houston Rockets,1248,33963,5515,8567,1411,1270,27.2,6.9,4.4,1.1,1.0,,,,,,,,,,,,kevin-durant,2007-08 - 2025-26
1631105,Jalen Duren,USA,,208,Center,DET,Detroit Pistons,276,3736,569,2848,254,188,13.5,10.3,2.1,0.9,0.7,,,,,,,,,,,,jalen-duren,2022-23 - 2025-26
1642856,Egor Dëmin,Russia,,203,Guard,BKN,Brooklyn Nets,52,536,173,165,17,42,10.3,3.2,3.3,0.3,0.8,,,,,,,,,,,,egor-dëmin,2025-26 - 2025-26
1631106,Tari Eason,USA,,203,Forward,HOU,Houston Rockets,221,2288,288,1387,144,296,10.4,6.3,1.3,0.7,1.3,,,,,,,,,,,,tari-eason,2022-23 - 2025-26
1641744,Zach Edey,Canada,,221,Center,MEM,Memphis Grizzlies,77,760,77,670,106,43,9.9,8.7,1.0,1.4,0.6,,,,,,,,,,,,zach-edey,2024-25 - 2025-26
1642845,VJ Edgecombe,USA,,193,Guard,PHI,Philadelphia 76ers,75,1199,315,423,39,107,16.0,5.6,4.2,0.5,1.4,,,,,,,,,,,,vj-edgecombe,2025-26 - 2025-26
1630162,Anthony Edwards,USA,,193,Guard,MIN,Minnesota Timberwolves,442,10854,1826,2319,282,587,24.6,5.2,4.1,0.6,1.3,,,,,,,,,,,,anthony-edwards,2020-21 - 2025-26
1642348,Justin Edwards,USA,,201,Forward,PHI,Philadelphia 76ers,108,831,149,242,27,99,7.7,2.2,1.4,0.2,0.9,,,,,,,,,,,,justin-edwards,2024-25 - 2025-26
1631165,Keon Ellis,USA,,193,Guard,BKN,Brooklyn Nets,297,1960,355,614,185,343,6.6,2.1,1.2,0.6,1.2,,,,,,,,,,,,keon-ellis,2022-23 - 2025-26
203954,Joel Embiid,Cameroon,,213,Center-Forward,PHI,Philadelphia 76ers,490,13544,1808,5280,784,432,27.6,10.8,3.7,1.6,0.9,,,,,,,,,,,,joel-embiid,2016-17 - 2025-26
1642855,Noa Essengue,France,,203,Forward,CHI,Chicago Bulls,2,0,0,0,0,1,0.0,0.0,0.0,0.0,0.5,,,,,,,,,,,,noa-essengue,2025-26 - 2025-26
1642847,Jeremiah Fears,USA,,190,Guard,NOP,New Orleans Pelicans,82,1169,279,300,30,97,14.3,3.7,3.4,0.4,1.2,,,,,,,,,,,,jeremiah-fears,2025-26 - 2025-26
1642271,Kyle Filipowski,USA,,211,Center,UTA,Utah Jazz,149,1569,338,992,61,121,10.5,6.7,2.3,0.4,0.8,,,,,,,,,,,,kyle-filipowski,2024-25 - 2025-26
1627827,Dorian Finney-Smith,USA,,201,Forward,CHA,Charlotte Hornets,757,6132,1077,3328,330,614,8.1,4.4,1.4,0.4,0.8,,,,,,,,,,,,dorian-finney-smith,2016-17 - 2025-26
1642843,Cooper Flagg,USA,,206,Forward,DAL,Dallas Mavericks,70,1473,316,466,64,84,21.0,6.7,4.5,0.9,1.2,,,,,,,,,,,,cooper-flagg,2025-26 - 2025-26
1642853,Rasheer Fleming,USA,,206,Forward,PHX,Phoenix Suns,55,238,16,124,21,22,4.3,2.3,0.3,0.4,0.4,,,,,,,,,,,,rasheer-fleming,2025-26 - 2025-26
1631323,Simone Fontecchio,Italy,,201,Forward,MIA,Miami Heat,329,2755,410,1004,75,171,8.4,3.1,1.2,0.2,0.5,,,,,,,,,,,,simone-fontecchio,2022-23 - 2025-26
1628368,De'Aaron Fox,USA,,190,Guard,SAS,San Antonio Spurs,665,14194,4099,2650,265,936,21.3,4.0,6.2,0.4,1.4,,,,,,,,,,,,deaaron-fox,2017-18 - 2025-26
1642402,Enrique Freeman,USA,,206,Forward,MIN,Minnesota Timberwolves,26,59,11,40,6,5,2.3,1.5,0.4,0.2,0.2,,,,,,,,,,,,enrique-freeman,2024-25 - 2025-26
1642277,Johnny Furphy,Australia,,203,Guard,IND,Indiana Pacers,85,283,60,224,18,38,3.3,2.6,0.7,0.2,0.4,,,,,,,,,,,,johnny-furphy,2024-25 - 2025-26
1629655,Daniel Gafford,USA,,208,Forward-Center,DAL,Dallas Mavericks,561,5215,599,3298,881,323,9.3,5.9,1.1,1.6,0.6,,,,,,,,,,,,daniel-gafford,2019-20 - 2025-26
1642066,Myron Gardner,USA,,196,Forward,MIA,Miami Heat,45,163,44,122,8,20,3.6,2.7,1.0,0.2,0.4,,,,,,,,,,,,myron-gardner,2025-26 - 2025-26
1629636,Darius Garland,USA,,185,Guard,LAC,LA Clippers,472,8894,3160,1229,60,533,18.8,2.6,6.7,0.1,1.1,,,,,,,,,,,,darius-garland,2019-20 - 2025-26
1630568,Luka Garza,USA,,208,Center,BOS,Boston Celtics,193,1161,119,529,40,49,6.0,2.7,0.6,0.2,0.3,,,,,,,,,,,,luka-garza,2021-22 - 2025-26
1641718,Keyonte George,USA,,193,Guard,UTA,Utah Jazz,196,3374,1041,663,30,140,17.2,3.4,5.3,0.2,0.7,,,,,,,,,,,,keyonte-george,2023-24 - 2025-26
1642273,Kyshawn George,Switzerland,,203,Forward,WAS,Washington Wizards,116,1300,383,530,93,116,11.2,4.6,3.3,0.8,1.0,,,,,,,,,,,,kyshawn-george,2024-25 - 2025-26
202331,Paul George,USA,,203,Forward,BOS,Boston Celtics,945,19338,3502,5880,417,1601,20.5,6.2,3.7,0.4,1.7,,,,,,,,,,,,paul-george,2010-11 - 2025-26
1630581,Josh Giddey,Australia,,201,Guard,CHI,Chicago Bulls,334,4861,2197,2548,167,298,14.6,7.6,6.6,0.5,0.9,,,,,,,,,,,,josh-giddey,2021-22 - 2025-26
1628983,Shai Gilgeous-Alexander,Canada,,198,Guard,OKC,Oklahoma City Thunder,530,13411,2810,2503,422,761,25.3,4.7,5.3,0.8,1.4,,,,,,,,,,,,shai-gilgeous-alexander,2018-19 - 2025-26
1630264,Anthony Gill,USA,,201,Forward,WAS,Washington Wizards,285,1094,191,553,61,75,3.8,1.9,0.7,0.2,0.3,,,,,,,,,,,,anthony-gill,2020-21 - 2025-26
1631221,Collin Gillespie,USA,,185,Guard,PHX,Phoenix Suns,137,1293,476,426,21,133,9.4,3.1,3.5,0.2,1.0,,,,,,,,,,,,collin-gillespie,2023-24 - 2025-26
203497,Rudy Gobert,France,,216,Center,MIN,Minnesota Timberwolves,905,11287,1251,10572,1842,634,12.5,11.7,1.4,2.0,0.7,,,,,,,,,,,,rudy-gobert,2013-14 - 2025-26
1642884,Vladislav Goldin,Russia,,213,Center,MIA,Miami Heat,9,7,3,9,3,0,0.8,1.0,0.3,0.3,0.0,,,,,,,,,,,,vladislav-goldin,2025-26 - 2025-26
1642864,Hugo González,Spain,,198,Guard,BOS,Boston Celtics,74,289,40,246,21,42,3.9,3.3,0.5,0.3,0.6,,,,,,,,,,,,hugo-gonzález,2025-26 - 2025-26
1630692,Jordan Goodwin,USA,,190,Guard,PHX,Phoenix Suns,277,1913,671,1165,87,290,6.9,4.2,2.4,0.3,1.0,,,,,,,,,,,,jordan-goodwin,2021-22 - 2025-26
203932,Aaron Gordon,USA,,203,Forward,DEN,Denver Nuggets,806,10957,2196,4967,489,576,13.6,6.2,2.7,0.6,0.7,,,,,,,,,,,,aaron-gordon,2014-15 - 2025-26
203924,Jerami Grant,USA,,201,Forward,MEM,Memphis Grizzlies,856,10925,1318,3229,863,560,12.8,3.8,1.5,1.0,0.7,,,,,,,,,,,,jerami-grant,2014-15 - 2025-26
1631260,AJ Green,USA,,193,Guard,MIL,Milwaukee Bucks,242,1756,312,496,19,91,7.3,2.0,1.3,0.1,0.4,,,,,,,,,,,,aj-green,2022-23 - 2025-26
203110,Draymond Green,USA,,198,Forward,GSW,Golden State Warriors,949,8235,5324,6462,930,1244,8.7,6.8,5.6,1.0,1.3,,,,,,,,,,,,draymond-green,2012-13 - 2025-26
1630224,Jalen Green,USA,,193,Guard,PHX,Phoenix Suns,339,6741,1121,1426,99,274,19.9,4.2,3.3,0.3,0.8,,,,,,,,,,,,jalen-green,2021-22 - 2025-26
1629750,Javonte Green,USA,,196,Guard,DET,Detroit Pistons,454,2461,316,1332,168,413,5.4,2.9,0.7,0.4,0.9,,,,,,,,,,,,javonte-green,2019-20 - 2025-26
201145,Jeff Green,USA,,203,Forward,HOU,Houston Rockets,1528,18038,2222,6060,723,951,11.8,4.0,1.5,0.5,0.6,,,,,,,,,,,,jeff-green,2007-08 - 2025-26
1630182,Josh Green,Australia,,198,Guard,MIN,Minnesota Timberwolves,349,2190,495,879,52,259,6.3,2.5,1.4,0.1,0.7,,,,,,,,,,,,josh-green,2020-21 - 2025-26
1629656,Quentin Grimes,USA,,196,Guard,LAL,Los Angeles Lakers,444,4982,1026,1444,123,360,11.2,3.3,2.3,0.3,0.8,,,,,,,,,,,,quentin-grimes,2021-22 - 2025-26
1631243,Mouhamed Gueye,Senegal,,211,Forward,ATL,Atlanta Hawks,116,563,100,436,76,94,4.9,3.8,0.9,0.7,0.8,,,,,,,,,,,,mouhamed-gueye,2023-24 - 2025-26
1629060,Rui Hachimura,Japan,,203,Forward,LAC,LA Clippers,468,5805,554,2147,148,267,12.4,4.6,1.2,0.3,0.6,,,,,,,,,,,,rui-hachimura,2019-20 - 2025-26
1630169,Tyrese Haliburton,USA,,196,Guard,IND,Indiana Pacers,410,7023,3575,1529,248,624,17.1,3.7,8.7,0.6,1.5,,,,,,,,,,,,tyrese-haliburton,2020-21 - 2024-25
1641790,PJ Hall,USA,,203,Center,CHA,Charlotte Hornets,57,205,24,172,24,6,3.6,3.0,0.4,0.4,0.1,,,,,,,,,,,,pj-hall,2024-25 - 2025-26
203501,Tim Hardaway Jr.,USA,,196,Guard-Forward,MIA,Miami Heat,958,13404,1753,2766,126,591,14.0,2.9,1.8,0.1,0.6,,,,,,,,,,,,tim-hardaway-jr,2013-14 - 2025-26
201935,James Harden,USA,,196,Guard,CLE,Cleveland Cavaliers,1400,33506,10572,7993,780,2008,23.9,5.7,7.6,0.6,1.4,,,,,,,,,,,,james-harden,2009-10 - 2025-26
1630702,Jaden Hardy,USA,,190,Guard,LAL,Los Angeles Lakers,292,2492,371,481,28,99,8.5,1.6,1.3,0.1,0.3,,,,,,,,,,,,jaden-hardy,2022-23 - 2025-26
1641989,Elijah Harkless,USA,,190,Guard,DET,Detroit Pistons,36,210,83,74,7,41,5.8,2.1,2.3,0.2,1.1,,,,,,,,,,,,elijah-harkless,2024-25 - 2025-26
1642844,Dylan Harper,USA,,196,Guard,SAS,San Antonio Spurs,69,813,266,234,24,54,11.8,3.4,3.9,0.3,0.8,,,,,,,,,,,,dylan-harper,2025-26 - 2025-26
1631199,Ron Harper Jr.,USA,,196,Guard-Forward,BOS,Boston Celtics,40,147,29,62,10,10,3.7,1.6,0.7,0.2,0.2,,,,,,,,,,,,ron-harper-jr,2022-23 - 2025-26
203914,Gary Harris,USA,,193,Guard,DET,Detroit Pistons,705,6956,1270,1555,159,722,9.9,2.2,1.8,0.2,1.0,,,,,,,,,,,,gary-harris,2014-15 - 2025-26
202699,Tobias Harris,USA,,203,Forward,SAS,San Antonio Spurs,1326,21289,3109,8171,721,1046,16.1,6.2,2.3,0.5,0.8,,,,,,,,,,,,tobias-harris,2011-12 - 2025-26
1628404,Josh Hart,USA,,196,Guard,NYK,New York Knicks,726,7815,2519,5173,226,779,10.8,7.1,3.5,0.3,1.1,,,,,,,,,,,,josh-hart,2017-18 - 2025-26
1628392,Isaiah Hartenstein,Germany,,213,Center-Forward,OKC,Oklahoma City Thunder,472,3252,978,3047,426,339,6.9,6.5,2.1,0.9,0.7,,,,,,,,,,,,isaiah-hartenstein,2018-19 - 2025-26
1630573,Sam Hauser,USA,,201,Forward,BOS,Boston Celtics,334,2613,341,1033,84,149,7.8,3.1,1.0,0.3,0.4,,,,,,,,,,,,sam-hauser,2021-22 - 2025-26
1641722,Jordan Hawkins,USA,,196,Guard,NOP,New Orleans Pelicans,174,1386,178,394,40,62,8.0,2.3,1.0,0.2,0.4,,,,,,,,,,,,jordan-hawkins,2023-24 - 2025-26
1629637,Jaxson Hayes,USA,,213,Center-Forward,UTA,Utah Jazz,433,2991,318,1714,299,198,6.9,4.0,0.7,0.7,0.5,,,,,,,,,,,,jaxson-hayes,2019-20 - 2025-26
1630703,Scoot Henderson,USA,,190,Guard,POR,Portland Trail Blazers,158,2132,783,472,35,143,13.5,3.0,5.0,0.2,0.9,,,,,,,,,,,,scoot-henderson,2023-24 - 2025-26
1641707,Taylor Hendricks,USA,,206,Forward,MEM,Memphis Grizzlies,161,1182,144,642,94,133,7.3,4.0,0.9,0.6,0.8,,,,,,,,,,,,taylor-hendricks,2023-24 - 2025-26
1642935,Chucky Hepburn,USA,,183,Guard,TOR,Toronto Raptors,2,0,2,1,0,1,0.0,0.5,1.0,0.0,0.5,,,,,,,,,,,,chucky-hepburn,2025-26 - 2025-26
1629639,Tyler Herro,USA,,196,Guard,MIL,Milwaukee Bucks,394,7664,1596,1960,82,286,19.5,5.0,4.1,0.2,0.7,,,,,,,,,,,,tyler-herro,2019-20 - 2025-26
1627741,Buddy Hield,Bahamas,,193,Guard,ATL,Atlanta Hawks,1063,14656,2503,4059,321,873,13.8,3.8,2.4,0.3,0.8,,,,,,,,,,,,buddy-hield,2016-17 - 2025-26
1629312,Haywood Highsmith,USA,,196,Forward,PHX,Phoenix Suns,225,1209,240,694,87,164,5.4,3.1,1.1,0.4,0.7,,,,,,,,,,,,haywood-highsmith,2018-19 - 2025-26
1628988,Aaron Holiday,USA,,183,Guard,HOU,Houston Rockets,568,3609,1113,889,94,331,6.4,1.6,2.0,0.2,0.6,,,,,,,,,,,,aaron-holiday,2018-19 - 2025-26
201950,Jrue Holiday,USA,,193,Guard,POR,Portland Trail Blazers,1090,17287,6762,4585,541,1527,15.9,4.2,6.2,0.5,1.4,,,,,,,,,,,,jrue-holiday,2009-10 - 2025-26
1641842,Ronald Holland II,USA,,203,Forward,DET,Detroit Pistons,159,1162,177,533,44,141,7.3,3.4,1.1,0.3,0.9,,,,,,,,,,,,ronald-holland-ii,2024-25 - 2025-26
1641747,DaRon Holmes II,USA,,206,Forward,DEN,Denver Nuggets,25,93,16,35,6,1,3.7,1.4,0.6,0.2,0.0,,,,,,,,,,,,daron-holmes-ii,2025-26 - 2025-26
1631096,Chet Holmgren,USA,,216,Center-Forward,OKC,Oklahoma City Thunder,183,3017,378,1520,392,119,16.5,8.3,2.1,2.1,0.7,,,,,,,,,,,,chet-holmgren,2023-24 - 2025-26
201143,Al Horford,Dominican Republic,,203,Center-Forward,GSW,Golden State Warriors,1183,15077,3745,9163,1351,896,12.7,7.7,3.2,1.1,0.8,,,,,,,,,,,,al-horford,2007-08 - 2025-26
1631216,Caleb Houstan,Canada,,203,Guard,NOP,New Orleans Pelicans,186,727,98,269,18,51,3.9,1.4,0.5,0.1,0.3,,,,,,,,,,,,caleb-houstan,2022-23 - 2025-26
1641724,Jett Howard,USA,,203,Guard,DAL,Dallas Mavericks,133,597,95,164,24,25,4.5,1.2,0.7,0.2,0.2,,,,,,,,,,,,jett-howard,2023-24 - 2025-26
1628989,Kevin Huerter,USA,,198,Guard-Forward,DET,Detroit Pistons,689,7668,1926,2323,255,636,11.1,3.4,2.8,0.4,0.9,,,,,,,,,,,,kevin-huerter,2018-19 - 2025-26
1630643,Jay Huff,USA,,216,Center,IND,Indiana Pacers,177,1296,172,489,217,63,7.3,2.8,1.0,1.2,0.4,,,,,,,,,,,,jay-huff,2021-22 - 2025-26
1630574,Ariel Hukporti,Germany,,213,Center,PHI,Philadelphia 76ers,79,165,40,210,41,10,2.1,2.7,0.5,0.5,0.1,,,,,,,,,,,,ariel-hukporti,2024-25 - 2025-26
1629631,De'Andre Hunter,USA,,201,Forward-Guard,SAC,Sacramento Kings,481,7157,769,1964,122,334,14.9,4.1,1.6,0.3,0.7,,,,,,,,,,,,deandre-hunter,2019-20 - 2025-26
1643047,CJ Huntley,USA,,211,Forward,PHX,Phoenix Suns,4,12,2,5,0,1,3.0,1.2,0.5,0.0,0.2,,,,,,,,,,,,cj-huntley,2025-26 - 2025-26
1630538,Bones Hyland,USA,,188,Guard,MIN,Minnesota Timberwolves,337,3174,880,690,79,225,9.4,2.0,2.6,0.2,0.7,,,,,,,,,,,,bones-hyland,2021-22 - 2025-26
1642345,Oso Ighodaro,USA,,211,Forward,PHX,Phoenix Suns,143,786,256,640,86,101,5.5,4.5,1.8,0.6,0.7,,,,,,,,,,,,oso-ighodaro,2024-25 - 2025-26
1627742,Brandon Ingram,USA,,203,Forward,TOR,Toronto Raptors,572,11311,2414,2996,335,416,19.8,5.2,4.2,0.6,0.7,,,,,,,,,,,,brandon-ingram,2016-17 - 2025-26
1631127,Harrison Ingram,USA,,196,Forward,UTA,Utah Jazz,12,15,4,12,0,3,1.2,1.0,0.3,0.0,0.2,,,,,,,,,,,,harrison-ingram,2024-25 - 2025-26
202681,Kyrie Irving,Australia,,188,Guard,DAL,Dallas Mavericks,839,20056,4696,3477,382,1088,23.9,4.1,5.6,0.5,1.3,,,,,,,,,,,,kyrie-irving,2011-12 - 2024-25
1628371,Jonathan Isaac,USA,,208,Forward,ORL,Orlando Magic,328,2231,244,1491,391,283,6.8,4.5,0.7,1.2,0.9,,,,,,,,,,,,jonathan-isaac,2017-18 - 2025-26
1641713,GG Jackson,USA,,206,Forward,MEM,Memphis Grizzlies,132,1594,169,523,73,71,12.1,4.0,1.3,0.6,0.5,,,,,,,,,,,,gg-jackson,2023-24 - 2025-26
1630543,Isaiah Jackson,USA,,203,Forward,LAC,LA Clippers,274,1910,220,1277,312,165,7.0,4.7,0.8,1.1,0.6,,,,,,,,,,,,isaiah-jackson,2021-22 - 2025-26
1631245,Quenton Jackson,USA,,193,Guard,IND,Indiana Pacers,89,668,210,170,12,57,7.5,1.9,2.4,0.1,0.6,,,,,,,,,,,,quenton-jackson,2022-23 - 2025-26
1641748,Andre Jackson Jr.,USA,,198,Guard,TOR,Toronto Raptors,172,468,176,367,24,69,2.7,2.1,1.0,0.1,0.4,,,,,,,,,,,,andre-jackson-jr,2023-24 - 2025-26
1628991,Jaren Jackson Jr.,USA,,208,Forward-Center,UTA,Utah Jazz,503,9380,790,2802,915,520,18.6,5.6,1.6,1.8,1.0,,,,,,,,,,,,jaren-jackson-jr,2018-19 - 2025-26
1631218,Trayce Jackson-Davis,USA,,206,Forward,TOR,Toronto Raptors,236,1309,264,942,162,86,5.5,4.0,1.1,0.7,0.4,,,,,,,,,,,,trayce-jackson-davis,2023-24 - 2025-26
1642857,Kasparas Jakučionis,Lithuania,,196,Guard,MIL,Milwaukee Bucks,53,328,137,138,7,33,6.2,2.6,2.6,0.1,0.6,,,,,,,,,,,,kasparas-jakučionis,2025-26 - 2025-26
1642355,Bronny James,USA,,188,Guard,LAL,Los Angeles Lakers,69,184,73,41,7,28,2.7,0.6,1.1,0.1,0.4,,,,,,,,,,,,bronny-james,2024-25 - 2025-26
2544,LeBron James,USA,,206,Forward,PHI,Philadelphia 76ers,1622,43440,12016,12095,1185,2417,26.8,7.5,7.4,0.7,1.5,,,,,,,,,,,,lebron-james,2003-04 - 2025-26
1642883,Sion James,USA,,196,Guard,CHA,Charlotte Hornets,82,441,163,287,20,52,5.4,3.5,2.0,0.2,0.6,,,,,,,,,,,,sion-james,2025-26 - 2025-26
1631170,Jaime Jaquez Jr.,USA,,198,Guard,MIL,Milwaukee Bucks,216,2611,713,950,55,189,12.1,4.4,3.3,0.3,0.9,,,,,,,,,,,,jaime-jaquez-jr,2023-24 - 2025-26
1641998,Trey Jemison III,USA,,208,Center,TOR,Toronto Raptors,139,545,91,496,88,43,3.9,3.6,0.7,0.6,0.3,,,,,,,,,,,,trey-jemison-iii,2023-24 - 2025-26
1642450,Daniss Jenkins,USA,,193,Guard,DET,Detroit Pistons,79,678,281,168,15,64,8.6,2.1,3.6,0.2,0.8,,,,,,,,,,,,daniss-jenkins,2024-25 - 2025-26
1629660,Ty Jerome,USA,,196,Guard-Forward,MEM,Memphis Grizzlies,244,2281,733,509,26,182,9.3,2.1,3.0,0.1,0.7,,,,,,,,,,,,ty-jerome,2019-20 - 2025-26
1630198,Isaiah Joe,USA,,193,Guard,DET,Detroit Pistons,392,3219,455,824,57,218,8.2,2.1,1.2,0.1,0.6,,,,,,,,,,,,isaiah-joe,2020-21 - 2025-26
1642358,AJ Johnson,USA,,196,Guard,MEM,Memphis Grizzlies,154,760,246,228,12,46,4.9,1.5,1.6,0.1,0.3,,,,,,,,,,,,aj-johnson,2024-25 - 2025-26
1629661,Cameron Johnson,USA,,203,Forward,DEN,Denver Nuggets,436,5705,874,1733,141,372,13.1,4.0,2.0,0.3,0.9,,,,,,,,,,,,cameron-johnson,2019-20 - 2025-26
1630552,Jalen Johnson,USA,,203,Forward,ATL,Atlanta Hawks,256,3644,1036,1895,150,253,14.2,7.4,4.0,0.6,1.0,,,,,,,,,,,,jalen-johnson,2021-22 - 2025-26
1629640,Keldon Johnson,USA,,198,Forward-Guard,SAS,San Antonio Spurs,452,6842,908,2432,104,304,15.1,5.4,2.0,0.2,0.7,,,,,,,,,,,,keldon-johnson,2019-20 - 2025-26
1642352,Keshad Johnson,USA,,198,Forward,MIA,Miami Heat,48,179,12,90,12,20,3.7,1.9,0.2,0.2,0.4,,,,,,,,,,,,keshad-johnson,2024-25 - 2025-26
1642848,Tre Johnson,USA,,196,Guard,WAS,Washington Wizards,60,733,122,170,18,33,12.2,2.8,2.0,0.3,0.6,,,,,,,,,,,,tre-johnson,2025-26 - 2025-26
1642938,Curtis Jones,USA,,190,Guard,DEN,Denver Nuggets,10,29,10,11,0,4,2.9,1.1,1.0,0.0,0.4,,,,,,,,,,,,curtis-jones,2025-26 - 2025-26
1630529,Herbert Jones,USA,,201,Forward,NOP,New Orleans Pelicans,296,2929,748,1105,200,463,9.9,3.7,2.5,0.7,1.6,,,,,,,,,,,,herbert-jones,2021-22 - 2025-26
1642403,Isaac Jones,USA,,203,Forward,DET,Detroit Pistons,54,152,14,67,12,5,2.8,1.2,0.3,0.2,0.1,,,,,,,,,,,,isaac-jones,2024-25 - 2025-26
1642880,Kam Jones,USA,,193,Guard,MIL,Milwaukee Bucks,37,162,119,60,0,18,4.4,1.6,3.2,0.0,0.5,,,,,,,,,,,,kam-jones,2025-26 - 2025-26
1642461,Spencer Jones,USA,,201,Forward,DEN,Denver Nuggets,84,378,56,226,34,57,4.5,2.7,0.7,0.4,0.7,,,,,,,,,,,,spencer-jones,2024-25 - 2025-26
1630200,Tre Jones,USA,,185,Guard,CHI,Chicago Bulls,408,3727,1932,1146,56,367,9.1,2.8,4.7,0.1,0.9,,,,,,,,,,,,tre-jones,2020-21 - 2025-26
1626145,Tyus Jones,USA,,183,Guard,DEN,Denver Nuggets,816,5647,3340,1526,71,741,6.9,1.9,4.1,0.1,0.9,,,,,,,,,,,,tyus-jones,2015-16 - 2025-26
1642357,David Jones Garcia,Dominican Republic,,193,Guard,SAS,San Antonio Spurs,11,32,18,13,1,6,2.9,1.2,1.6,0.1,0.5,,,,,,,,,,,,david-jones-garcia,2025-26 - 2025-26
1627884,Derrick Jones Jr.,USA,,198,Forward,LAC,LA Clippers,567,4155,444,1841,377,394,7.3,3.2,0.8,0.7,0.7,,,,,,,,,,,,derrick-jones-jr,2016-17 - 2025-26
201599,DeAndre Jordan,USA,,211,Center,NOP,New Orleans Pelicans,1240,10500,1233,12027,1685,629,8.5,9.7,1.0,1.4,0.5,,,,,,,,,,,,deandre-jordan,2008-09 - 2025-26
1631107,Nikola Jović,Serbia,,208,Forward,MIA,Miami Heat,154,1272,333,556,46,96,8.3,3.6,2.2,0.3,0.6,,,,,,,,,,,,nikola-jović,2022-23 - 2025-26
1641750,Ryan Kalkbrenner,USA,,216,Center,CHA,Charlotte Hornets,69,521,54,377,101,32,7.6,5.5,0.8,1.5,0.5,,,,,,,,,,,,ryan-kalkbrenner,2025-26 - 2025-26
1628379,Luke Kennard,USA,,196,Guard,PHX,Phoenix Suns,675,6367,1484,1823,77,391,9.4,2.7,2.2,0.1,0.6,,,,,,,,,,,,luke-kennard,2017-18 - 2025-26
1631117,Walker Kessler,USA,,218,Center,LAL,Los Angeles Lakers,201,1910,241,1862,474,99,9.5,9.3,1.2,2.4,0.5,,,,,,,,,,,,walker-kessler,2022-23 - 2025-26
1630557,Corey Kispert,USA,,198,Forward,ATL,Atlanta Hawks,408,4293,615,1086,79,166,10.5,2.7,1.5,0.2,0.4,,,,,,,,,,,,corey-kispert,2021-22 - 2025-26
1642261,Dalton Knecht,USA,,198,Forward,LAL,Los Angeles Lakers,132,934,87,291,19,35,7.1,2.2,0.7,0.1,0.3,,,,,,,,,,,,dalton-knecht,2024-25 - 2025-26
1642851,Kon Knueppel,USA,,198,Guard-Forward,CHA,Charlotte Hornets,81,1498,274,432,19,57,18.5,5.3,3.4,0.2,0.7,,,,,,,,,,,,kon-knueppel,2025-26 - 2025-26
1642278,Tyler Kolek,USA,,188,Guard,NYK,New York Knicks,103,355,240,125,8,34,3.4,1.2,2.3,0.1,0.3,,,,,,,,,,,,tyler-kolek,2024-25 - 2025-26
1631132,Christian Koloko,Cameroon,,211,Center,NOP,New Orleans Pelicans,149,418,83,425,119,57,2.8,2.9,0.6,0.8,0.4,,,,,,,,,,,,christian-koloko,2022-23 - 2025-26
1629723,John Konchar,USA,,196,Guard,UTA,Utah Jazz,419,1794,666,1702,200,406,4.3,4.1,1.6,0.5,1.0,,,,,,,,,,,,john-konchar,2019-20 - 2025-26
1628436,Luke Kornet,USA,,216,Center-Forward,SAS,San Antonio Spurs,467,2423,541,1735,397,160,5.2,3.7,1.2,0.9,0.3,,,,,,,,,,,,luke-kornet,2017-18 - 2025-26
1630249,Vít Krejčí,Czech Republic,,203,Guard,POR,Portland Trail Blazers,268,1870,471,631,77,167,7.0,2.4,1.8,0.3,0.6,,,,,,,,,,,,vít-krejčí,2021-22 - 2025-26
1630228,Jonathan Kuminga,DRC,,201,Forward,ATL,Atlanta Hawks,330,4101,622,1441,132,209,12.4,4.4,1.9,0.4,0.6,,,,,,,,,,,,jonathan-kuminga,2021-22 - 2025-26
1628398,Kyle Kuzma,USA,,203,Forward,MIL,Milwaukee Bucks,675,11070,1782,4096,328,386,16.4,6.1,2.6,0.5,0.6,,,,,,,,,,,,kyle-kuzma,2017-18 - 2025-26
1631222,Jake LaRavia,USA,,201,Forward,LAL,Los Angeles Lakers,284,2074,540,1035,100,269,7.3,3.6,1.9,0.4,0.9,,,,,,,,,,,,jake-laravia,2022-23 - 2025-26
203897,Zach LaVine,USA,,196,Guard,SAC,Sacramento Kings,767,16062,2994,3088,205,657,20.9,4.0,3.9,0.3,0.9,,,,,,,,,,,,zach-lavine,2014-15 - 2025-26
1629111,Jock Landale,Australia,,211,Center,ATL,Atlanta Hawks,357,2631,445,1501,159,129,7.4,4.2,1.2,0.4,0.4,,,,,,,,,,,,jock-landale,2021-22 - 2025-26
1642404,Chaz Lanier,USA,,190,Guard,DET,Detroit Pistons,34,80,17,23,0,7,2.4,0.7,0.5,0.0,0.2,,,,,,,,,,,,chaz-lanier,2025-26 - 2025-26
1641796,Pelle Larsson,Sweden,,196,Guard,MIA,Miami Heat,125,1051,301,336,23,81,8.4,2.7,2.4,0.2,0.6,,,,,,,,,,,,pelle-larsson,2024-25 - 2025-26
1630639,A.J. Lawson,Canada,,198,Guard,TOR,Toronto Raptors,122,585,62,221,13,39,4.8,1.8,0.5,0.1,0.3,,,,,,,,,,,,a.j.-lawson,2022-23 - 2025-26
1627747,Caris LeVert,USA,,201,Guard,MIL,Milwaukee Bucks,753,10427,2972,2729,325,773,13.8,3.6,3.9,0.4,1.0,,,,,,,,,,,,caris-levert,2016-17 - 2025-26
202695,Kawhi Leonard,USA,,198,Forward,LAC,LA Clippers,798,16546,2470,5075,498,1377,20.7,6.4,3.1,0.6,1.7,,,,,,,,,,,,kawhi-leonard,2011-12 - 2025-26
203081,Damian Lillard,USA,,188,Guard,POR,Portland Trail Blazers,900,22598,6069,3845,267,874,25.1,4.3,6.7,0.3,1.0,,,,,,,,,,,,damian-lillard,2012-13 - 2024-25
1641726,Dereck Lively II,USA,,216,Center,DAL,Dallas Mavericks,98,827,158,685,144,60,8.4,7.0,1.6,1.5,0.6,,,,,,,,,,,,dereck-lively-ii,2023-24 - 2025-26
1630587,Isaiah Livers,USA,,198,Forward,PHX,Phoenix Suns,130,646,108,309,48,67,5.0,2.4,0.8,0.4,0.5,,,,,,,,,,,,isaiah-livers,2021-22 - 2025-26
1626172,Kevon Looney,USA,,206,Forward,LAL,Los Angeles Lakers,620,3036,990,3509,332,313,4.9,5.7,1.6,0.5,0.5,,,,,,,,,,,,kevon-looney,2015-16 - 2025-26
201572,Brook Lopez,USA,,216,Center,LAC,LA Clippers,1180,18151,1711,7010,2147,678,15.4,5.9,1.4,1.8,0.6,,,,,,,,,,,,brook-lopez,2008-09 - 2025-26
1631126,Caleb Love,USA,,190,Guard,PHI,Philadelphia 76ers,49,509,123,114,4,27,10.4,2.3,2.5,0.1,0.6,,,,,,,,,,,,caleb-love,2025-26 - 2025-26
201567,Kevin Love,USA,,208,Forward-Center,UTA,Utah Jazz,1051,16178,2355,10111,389,607,15.4,9.6,2.2,0.4,0.6,,,,,,,,,,,,kevin-love,2008-09 - 2025-26
200768,Kyle Lowry,USA,,183,Guard,PHI,Philadelphia 76ers,1324,17444,7638,5353,391,1629,13.2,4.0,5.8,0.3,1.2,,,,,,,,,,,,kyle-lowry,2006-07 - 2025-26
1642863,Khaman Maluach,South Sudan,,216,Center,PHX,Phoenix Suns,46,139,6,133,33,5,3.0,2.9,0.1,0.7,0.1,,,,,,,,,,,,khaman-maluach,2025-26 - 2025-26
1630572,Sandro Mamukelashvili,Georgia,,206,Forward-Center,LAL,Los Angeles Lakers,314,2148,394,1181,103,130,6.8,3.8,1.3,0.3,0.4,,,,,,,,,,,,sandro-mamukelashvili,2021-22 - 2025-26
1629611,Terance Mann,USA,,198,Guard-Forward,BKN,Brooklyn Nets,542,4303,1101,1850,121,315,7.9,3.4,2.0,0.2,0.6,,,,,,,,,,,,terance-mann,2019-20 - 2025-26
1630544,Tre Mann,USA,,193,Guard,WAS,Washington Wizards,275,2380,666,754,38,221,8.7,2.7,2.4,0.1,0.8,,,,,,,,,,,,tre-mann,2021-22 - 2025-26
1628374,Lauri Markkanen,Finland,,216,Forward-Center,UTA,Utah Jazz,492,9323,746,3490,243,356,18.9,7.1,1.5,0.5,0.7,,,,,,,,,,,,lauri-markkanen,2017-18 - 2025-26
1630230,Naji Marshall,USA,,198,Forward,DAL,Dallas Mavericks,373,3765,916,1485,61,314,10.1,4.0,2.5,0.2,0.8,,,,,,,,,,,,naji-marshall,2020-21 - 2025-26
1642918,Alijah Martin,USA,,188,Guard,TOR,Toronto Raptors,23,51,12,21,4,8,2.2,0.9,0.5,0.2,0.3,,,,,,,,,,,,alijah-martin,2025-26 - 2025-26
1628997,Caleb Martin,USA,,196,Forward,DAL,Dallas Mavericks,414,3188,685,1531,170,357,7.7,3.7,1.7,0.4,0.9,,,,,,,,,,,,caleb-martin,2019-20 - 2025-26
1631213,Tyrese Martin,USA,,198,Forward,PHI,Philadelphia 76ers,168,1124,280,463,21,85,6.7,2.8,1.7,0.1,0.5,,,,,,,,,,,,tyrese-martin,2022-23 - 2025-26
1631097,Bennedict Mathurin,Canada,,196,Guard-Forward,LAC,LA Clippers,317,5212,629,1521,77,216,16.4,4.8,2.0,0.2,0.7,,,,,,,,,,,,bennedict-mathurin,2022-23 - 2025-26
1631255,Karlo Matković,Bosnia and Herzegovina,,208,Forward-Center,NOP,New Orleans Pelicans,104,677,96,438,95,47,6.5,4.2,0.9,0.9,0.5,,,,,,,,,,,,karlo-matković,2024-25 - 2025-26
1630178,Tyrese Maxey,USA,,188,Guard,PHI,Philadelphia 76ers,388,8182,1864,1242,162,420,21.1,3.2,4.8,0.4,1.1,,,,,,,,,,,,tyrese-maxey,2020-21 - 2025-26
1643024,Chris Mañon,USA,,193,Guard,LAL,Los Angeles Lakers,9,7,3,10,2,5,0.8,1.1,0.3,0.2,0.6,,,,,,,,,,,,chris-mañon,2025-26 - 2025-26
1630540,Miles McBride,USA,,188,Guard,NYK,New York Knicks,277,1975,520,453,42,203,7.1,1.6,1.9,0.2,0.7,,,,,,,,,,,,miles-mcbride,2021-22 - 2025-26
1642272,Jared McCain,USA,,190,Guard,OKC,Oklahoma City Thunder,157,1468,240,330,10,85,9.4,2.1,1.5,0.1,0.5,,,,,,,,,,,,jared-mccain,2024-25 - 2025-26
203468,CJ McCollum,USA,,190,Guard,ATL,Atlanta Hawks,1001,19632,3906,3640,418,902,19.6,3.6,3.9,0.4,0.9,,,,,,,,,,,,cj-mccollum,2013-14 - 2025-26
204456,T.J. McConnell,USA,,185,Guard,IND,Indiana Pacers,762,5921,3829,2178,143,905,7.8,2.9,5.0,0.2,1.2,,,,,,,,,,,,tj-mcconnell,2015-16 - 2025-26
1641755,Kevin McCullar Jr.,USA,,198,Guard,NYK,New York Knicks,25,56,22,36,1,10,2.2,1.4,0.9,0.0,0.4,,,,,,,,,,,,kevin-mccullar-jr,2024-25 - 2025-26
1630183,Jaden McDaniels,USA,,206,Forward,MIN,Minnesota Timberwolves,439,4868,761,1836,379,415,11.1,4.2,1.7,0.9,0.9,,,,,,,,,,,,jaden-mcdaniels,2020-21 - 2025-26
1631121,Bryce McGowens,USA,,198,Guard,NOP,New Orleans Pelicans,160,901,169,286,24,64,5.6,1.8,1.1,0.1,0.4,,,,,,,,,,,,bryce-mcgowens,2022-23 - 2025-26
1629162,Jordan McLaughlin,USA,,180,Guard,SAS,San Antonio Spurs,378,1359,896,477,35,261,3.6,1.3,2.4,0.1,0.7,,,,,,,,,,,,jordan-mclaughlin,2019-20 - 2025-26
1642862,Liam McNeeley,USA,,201,Forward,CHA,Charlotte Hornets,31,132,24,73,3,5,4.3,2.4,0.8,0.1,0.2,,,,,,,,,,,,liam-mcneeley,2025-26 - 2025-26
1629001,De'Anthony Melton,USA,,188,Guard,GSW,Golden State Warriors,405,3833,1113,1474,192,579,9.5,3.6,2.7,0.5,1.4,,,,,,,,,,,,deanthony-melton,2018-19 - 2025-26
1630241,Sam Merrill,USA,,193,Guard,CLE,Cleveland Cavaliers,225,1796,371,456,26,117,8.0,2.0,1.6,0.1,0.5,,,,,,,,,,,,sam-merrill,2020-21 - 2025-26
203114,Khris Middleton,USA,,201,Forward,WAS,Washington Wizards,939,14621,3568,4299,177,1020,15.6,4.6,3.8,0.2,1.1,,,,,,,,,,,,khris-middleton,2012-13 - 2025-26
1641706,Brandon Miller,USA,,201,Forward,CHA,Charlotte Hornets,166,3158,490,765,106,161,19.0,4.6,3.0,0.6,1.0,,,,,,,,,,,,brandon-miller,2023-24 - 2025-26
1641757,Jordan Miller,USA,,196,Guard,LAC,LA Clippers,105,763,170,245,16,62,7.3,2.3,1.6,0.2,0.6,,,,,,,,,,,,jordan-miller,2023-24 - 2025-26
1631159,Leonard Miller,Canada,,208,Forward,CHI,Chicago Bulls,122,771,88,393,32,38,6.3,3.2,0.7,0.3,0.3,,,,,,,,,,,,leonard-miller,2023-24 - 2025-26
1642434,Riley Minix,USA,,201,Forward,CLE,Cleveland Cavaliers,19,70,10,14,2,4,3.7,0.7,0.5,0.1,0.2,,,,,,,,,,,,riley-minix,2024-25 - 2025-26
1631169,Josh Minott,USA,,203,Forward,BKN,Brooklyn Nets,191,943,123,405,71,112,4.9,2.1,0.6,0.4,0.6,,,,,,,,,,,,josh-minott,2022-23 - 2025-26
1642274,Yves Missi,Cameroon,,211,Center,NOP,New Orleans Pelicans,139,1042,183,986,199,57,7.5,7.1,1.3,1.4,0.4,,,,,,,,,,,,yves-missi,2024-25 - 2025-26
1642349,Ajay Mitchell,Belgium,,193,Guard,OKC,Oklahoma City Thunder,93,1008,270,258,22,96,10.8,2.8,2.9,0.2,1.0,,,,,,,,,,,,ajay-mitchell,2024-25 - 2025-26
1630558,Davion Mitchell,USA,,183,Guard,MIA,Miami Heat,445,3520,1811,886,85,328,7.9,2.0,4.1,0.2,0.7,,,,,,,,,,,,davion-mitchell,2021-22 - 2025-26
1628378,Donovan Mitchell,USA,,188,Guard,CLE,Cleveland Cavaliers,609,15272,2928,2640,193,844,25.1,4.3,4.8,0.3,1.4,,,,,,,,,,,,donovan-mitchell,2017-18 - 2025-26
1630596,Evan Mobley,USA,,211,Center,CLE,Cleveland Cavaliers,334,5592,1018,2994,532,270,16.7,9.0,3.0,1.6,0.8,,,,,,,,,,,,evan-mobley,2021-22 - 2025-26
1642367,Jonathan Mogbo,USA,,206,Forward,SAC,Sacramento Kings,103,450,171,379,42,66,4.4,3.7,1.7,0.4,0.6,,,,,,,,,,,,jonathan-mogbo,2024-25 - 2025-26
1628370,Malik Monk,USA,,190,Guard,SAC,Sacramento Kings,585,7216,1842,1494,198,354,12.3,2.6,3.1,0.3,0.6,,,,,,,,,,,,malik-monk,2017-18 - 2025-26
1630541,Moses Moody,USA,,196,Guard,GSW,Golden State Warriors,315,2515,325,770,106,184,8.0,2.4,1.0,0.3,0.6,,,,,,,,,,,,moses-moody,2021-22 - 2025-26
1631111,Wendell Moore Jr.,USA,,196,Guard,DET,Detroit Pistons,132,370,112,226,18,55,2.8,1.7,0.8,0.1,0.4,,,,,,,,,,,,wendell-moore-jr,2022-23 - 2025-26
1629630,Ja Morant,USA,,188,Guard,POR,Portland Trail Blazers,327,7331,2428,1513,92,335,22.4,4.6,7.4,0.3,1.0,,,,,,,,,,,,ja-morant,2019-20 - 2025-26
1630530,Trey Murphy III,USA,,203,Forward,NOP,New Orleans Pelicans,317,4868,712,1353,141,318,15.4,4.3,2.2,0.4,1.0,,,,,,,,,,,,trey-murphy-iii,2021-22 - 2025-26
1627749,Dejounte Murray,USA,,193,Guard,NOP,New Orleans Pelicans,517,8037,2807,3000,142,764,15.5,5.8,5.4,0.3,1.5,,,,,,,,,,,,dejounte-murray,2016-17 - 2025-26
1627750,Jamal Murray,Canada,,193,Guard,DEN,Denver Nuggets,611,11528,3044,2348,226,608,18.9,3.8,5.0,0.4,1.0,,,,,,,,,,,,jamal-murray,2016-17 - 2025-26
1631099,Keegan Murray,USA,,203,Forward,SAC,Sacramento Kings,256,3411,374,1430,206,225,13.3,5.6,1.5,0.8,0.9,,,,,,,,,,,,keegan-murray,2022-23 - 2025-26
1631200,Kris Murray,USA,,203,Forward,MEM,Memphis Grizzlies,188,994,229,612,60,139,5.3,3.3,1.2,0.3,0.7,,,,,,,,,,,,kris-murray,2023-24 - 2025-26
1642867,Collin Murray-Boyles,USA,,201,Forward,TOR,Toronto Raptors,57,484,106,285,53,52,8.5,5.0,1.9,0.9,0.9,,,,,,,,,,,,collin-murrayboyles,2025-26 - 2025-26
1629004,Svi Mykhailiuk,Ukraine,,201,Guard-Forward,UTA,Utah Jazz,521,3552,755,965,53,283,6.8,1.9,1.4,0.1,0.5,,,,,,,,,,,,svi-mykhailiuk,2018-19 - 2025-26
1631250,Pete Nance,USA,,206,Forward,MIL,Milwaukee Bucks,81,333,68,170,18,19,4.1,2.1,0.8,0.2,0.2,,,,,,,,,,,,pete-nance,2023-24 - 2025-26
1626204,Larry Nance Jr.,USA,,198,Forward-Center,IND,Indiana Pacers,693,5229,1214,4134,332,773,7.5,6.0,1.8,0.5,1.1,,,,,,,,,,,,larry-nance-jr,2015-16 - 2025-26
1629614,Andrew Nembhard,Canada,,193,Guard-Forward,IND,Indiana Pacers,265,2954,1384,716,38,263,11.1,2.7,5.2,0.1,1.0,,,,,,,,,,,,andrew-nembhard,2022-23 - 2025-26
1642948,Ryan Nembhard,Canada,,180,Guard,ATL,Atlanta Hawks,60,397,316,133,2,25,6.6,2.2,5.3,0.0,0.4,,,,,,,,,,,,ryan-nembhard,2025-26 - 2025-26
1630174,Aaron Nesmith,USA,,196,Guard-Forward,IND,Indiana Pacers,333,3191,391,1133,137,216,9.6,3.4,1.2,0.4,0.6,,,,,,,,,,,,aaron-nesmith,2020-21 - 2025-26
1642854,Asa Newell,USA,,208,Forward,ATL,Atlanta Hawks,44,227,26,96,15,16,5.2,2.2,0.6,0.3,0.4,,,,,,,,,,,,asa-newell,2025-26 - 2025-26
1627777,Georges Niang,USA,,198,Forward,GSW,Golden State Warriors,623,4830,645,1626,92,204,7.8,2.6,1.0,0.1,0.3,,,,,,,,,,,,georges-niang,2016-17 - 2024-25
1642949,Yanic Konan Niederhäuser,Switzerland,,211,Center,LAC,LA Clippers,41,176,12,117,30,5,4.3,2.9,0.3,0.7,0.1,,,,,,,,,,,,yanic-konan-niederhäuser,2025-26 - 2025-26
1630192,Zeke Nnaji,USA,,208,Forward-Center,DEN,Denver Nuggets,303,1243,129,702,140,98,4.1,2.3,0.4,0.5,0.3,,,,,,,,,,,,zeke-nnaji,2020-21 - 2025-26
203994,Jusuf Nurkić,Bosnia and Herzegovina,,211,Center,UTA,Utah Jazz,747,8553,1902,6509,777,678,11.4,8.7,2.5,1.0,0.9,,,,,,,,,,,,jusuf-nurkić,2014-15 - 2025-26
1626220,Royce O'Neale,USA,,198,Forward,CHA,Charlotte Hornets,757,5617,1863,3622,338,626,7.4,4.8,2.5,0.4,0.8,,,,,,,,,,,,royce-oneale,2017-18 - 2025-26
1629006,Josh Okogie,Nigeria,,193,Guard,UTA,Utah Jazz,534,3277,582,1543,211,499,6.1,2.9,1.1,0.4,0.9,,,,,,,,,,,,josh-okogie,2018-19 - 2025-26
1630168,Onyeka Okongwu,USA,,208,Forward-Center,ATL,Atlanta Hawks,381,4083,625,2620,407,287,10.7,6.9,1.6,1.1,0.8,,,,,,,,,,,,onyeka-okongwu,2020-21 - 2025-26
1630171,Isaac Okoro,USA,,193,Forward-Guard,CHI,Chicago Bulls,397,3292,636,1103,155,309,8.3,2.8,1.6,0.4,0.8,,,,,,,,,,,,isaac-okoro,2020-21 - 2025-26
1626162,Kelly Oubre Jr.,USA,,203,Forward-Guard,IND,Indiana Pacers,774,10448,911,3609,409,838,13.5,4.7,1.2,0.5,1.1,,,,,,,,,,,,kelly-oubre-jr,2015-16 - 2025-26
1627780,Gary Payton II,USA,,188,Guard,GSW,Golden State Warriors,388,2198,486,1141,107,357,5.7,2.9,1.3,0.3,0.9,,,,,,,,,,,,gary-payton-ii,2016-17 - 2025-26
1642877,Micah Peavy,USA,,201,Guard-Forward,NOP,New Orleans Pelicans,61,262,61,117,9,43,4.3,1.9,1.0,0.1,0.7,,,,,,,,,,,,micah-peavy,2025-26 - 2025-26
1642869,Noah Penda,France,,201,Guard-Forward,ORL,Orlando Magic,59,227,70,187,18,30,3.8,3.2,1.2,0.3,0.5,,,,,,,,,,,,noah-penda,2025-26 - 2025-26
1643007,Taelon Peter,USA,,190,Guard,SAS,San Antonio Spurs,38,171,40,59,4,26,4.5,1.6,1.1,0.1,0.7,,,,,,,,,,,,taelon-peter,2025-26 - 2025-26
1641763,Julian Phillips,USA,,198,Forward,HOU,Houston Rockets,215,735,72,303,41,89,3.4,1.4,0.3,0.2,0.4,,,,,,,,,,,,julian-phillips,2023-24 - 2025-26
1629618,Jalen Pickett,USA,,188,Guard,LAC,LA Clippers,126,502,243,199,10,36,4.0,1.6,1.9,0.1,0.3,,,,,,,,,,,,jalen-pickett,2023-24 - 2025-26
1630590,Scotty Pippen Jr.,USA,,188,Guard,MEM,Memphis Grizzlies,116,1178,494,352,45,160,10.2,3.0,4.3,0.4,1.4,,,,,,,,,,,,scotty-pippen-jr,2022-23 - 2025-26
1631342,Daeqwon Plowden,USA,,193,Guard-Forward,SAC,Sacramento Kings,38,387,43,108,7,23,10.2,2.8,1.1,0.2,0.6,,,,,,,,,,,,daeqwon-plowden,2024-25 - 2025-26
1641764,Brandin Podziemski,USA,,193,Guard,GSW,Golden State Warriors,220,2562,797,1171,42,218,11.6,5.3,3.6,0.2,1.0,,,,,,,,,,,,brandin-podziemski,2023-24 - 2025-26
1627751,Jakob Poeltl,Austria,,213,Center,TOR,Toronto Raptors,713,6701,1373,5129,875,487,9.4,7.2,1.9,1.2,0.7,,,,,,,,,,,,jakob-poeltl,2016-17 - 2025-26
1629673,Jordan Poole,USA,,193,Guard,NOP,New Orleans Pelicans,451,7466,1671,1187,130,378,16.6,2.6,3.7,0.3,0.8,,,,,,,,,,,,jordan-poole,2019-20 - 2025-26
1641854,Craig Porter Jr.,USA,,185,Guard,CLE,Cleveland Cavaliers,166,762,394,396,68,95,4.6,2.4,2.4,0.4,0.6,,,,,,,,,,,,craig-porter-jr,2023-24 - 2025-26
1629645,Kevin Porter Jr.,USA,,196,Guard-Forward,MIL,Milwaukee Bucks,384,5211,1779,1596,106,461,13.6,4.2,4.6,0.3,1.2,,,,,,,,,,,,kevin-porter-jr,2019-20 - 2025-26
1629008,Michael Porter Jr.,USA,,208,Forward,BKN,Brooklyn Nets,397,6856,643,2576,214,261,17.3,6.5,1.6,0.5,0.7,,,,,,,,,,,,michael-porter-jr,2019-20 - 2025-26
1626171,Bobby Portis,USA,,206,Forward,MIA,Miami Heat,771,9443,1027,5516,279,471,12.2,7.2,1.3,0.4,0.6,,,,,,,,,,,,bobby-portis,2015-16 - 2025-26
204001,Kristaps Porziņģis,Latvia,,218,Forward-Center,GSW,Golden State Warriors,616,11935,1194,4633,1069,438,19.4,7.5,1.9,1.7,0.7,,,,,,,,,,,,kristaps-porziņģis,2015-16 - 2025-26
1642366,Quinten Post,Netherlands,,213,Center,MEM,Memphis Grizzlies,109,853,150,417,53,42,7.8,3.8,1.4,0.5,0.4,,,,,,,,,,,,quinten-post,2024-25 - 2025-26
1642962,Drake Powell,USA,,196,Guard-Forward,BKN,Brooklyn Nets,63,408,91,111,14,36,6.5,1.8,1.4,0.2,0.6,,,,,,,,,,,,drake-powell,2025-26 - 2025-26
203939,Dwight Powell,Canada,,208,Forward-Center,DAL,Dallas Mavericks,797,5054,809,3302,336,459,6.3,4.1,1.0,0.4,0.6,,,,,,,,,,,,dwight-powell,2014-15 - 2025-26
1626181,Norman Powell,USA,,190,Guard,CHI,Chicago Bulls,789,11554,1309,2211,215,695,14.6,2.8,1.7,0.3,0.9,,,,,,,,,,,,norman-powell,2015-16 - 2025-26
1627752,Taurean Prince,USA,,198,Forward,DET,Detroit Pistons,649,6373,1127,2314,253,519,9.8,3.6,1.7,0.4,0.8,,,,,,,,,,,,taurean-prince,2016-17 - 2025-26
1630202,Payton Pritchard,USA,,185,Guard,BOS,Boston Celtics,426,4498,1291,1264,46,243,10.6,3.0,3.0,0.1,0.6,,,,,,,,,,,,payton-pritchard,2020-21 - 2025-26
1642878,Tyrese Proctor,Australia,,193,Guard,CLE,Cleveland Cavaliers,50,272,74,64,0,25,5.4,1.3,1.5,0.0,0.5,,,,,,,,,,,,tyrese-proctor,2025-26 - 2025-26
1641765,Olivier-Maxence Prosper,Canada,,201,Forward,MEM,Memphis Grizzlies,145,852,113,392,23,73,5.9,2.7,0.8,0.2,0.5,,,,,,,,,,,,olivier-maxence-prosper,2023-24 - 2025-26
1642852,Derik Queen,USA,,206,Center,NOP,New Orleans Pelicans,81,948,298,572,74,84,11.7,7.1,3.7,0.9,1.0,,,,,,,,,,,,derik-queen,2025-26 - 2025-26
1629674,Neemias Queta,Portugal,,213,Center,BOS,Boston Celtics,186,1297,198,1036,173,92,7.0,5.6,1.1,0.9,0.5,,,,,,,,,,,,neemias-queta,2021-22 - 2025-26
1630193,Immanuel Quickley,USA,,188,Guard,TOR,Toronto Raptors,462,6848,1949,1638,58,379,14.8,3.5,4.2,0.1,0.8,,,,,,,,,,,,immanuel-quickley,2020-21 - 2025-26
203944,Julius Randle,USA,,206,Forward-Center,BKN,Brooklyn Nets,789,15184,3108,7024,302,572,19.2,8.9,3.9,0.4,0.7,,,,,,,,,,,,julius-randle,2014-15 - 2025-26
1642875,Maxime Raynaud,France,,216,Center,SAC,Sacramento Kings,74,922,100,556,39,38,12.5,7.5,1.4,0.5,0.5,,,,,,,,,,,,maxime-raynaud,2025-26 - 2025-26
1630559,Austin Reaves,USA,,196,Guard,LAL,Los Angeles Lakers,331,5239,1476,1307,106,265,15.8,3.9,4.5,0.3,0.8,,,,,,,,,,,,austin-reaves,2021-22 - 2025-26
1630194,Paul Reed,USA,,206,Forward,DET,Detroit Pistons,325,1779,288,1320,247,252,5.5,4.1,0.9,0.8,0.8,,,,,,,,,,,,paul-reed,2020-21 - 2025-26
1641810,Antonio Reeves,USA,,196,Guard,CHA,Charlotte Hornets,54,332,42,71,4,22,6.1,1.3,0.8,0.1,0.4,,,,,,,,,,,,antonio-reeves,2024-25 - 2025-26
1629675,Naz Reid,USA,,206,Center-Forward,CHA,Charlotte Hornets,483,5745,712,2460,445,332,11.9,5.1,1.5,0.9,0.7,,,,,,,,,,,,naz-reid,2019-20 - 2025-26
1642954,Will Richard,USA,,190,Guard,GSW,Golden State Warriors,69,441,93,172,9,80,6.4,2.5,1.3,0.1,1.2,,,,,,,,,,,,will-richard,2025-26 - 2025-26
1642859,Jase Richardson,USA,,185,Guard,ORL,Orlando Magic,54,239,58,63,2,19,4.4,1.2,1.1,0.0,0.4,,,,,,,,,,,,jase-richardson,2025-26 - 2025-26
1642860,Will Riley,USA,,206,Forward,WAS,Washington Wizards,74,764,146,212,9,54,10.3,2.9,2.0,0.1,0.7,,,,,,,,,,,,will-riley,2025-26 - 2025-26
1642258,Zaccharie Risacher,France,,203,Forward,DAL,Dallas Mavericks,142,1583,168,525,73,111,11.1,3.7,1.2,0.5,0.8,,,,,,,,,,,,zaccharie-risacher,2024-25 - 2025-26
1629130,Duncan Robinson,USA,,201,Forward,DET,Detroit Pistons,500,5737,936,1318,97,269,11.5,2.6,1.9,0.2,0.5,,,,,,,,,,,,duncan-robinson,2018-19 - 2025-26
1629011,Mitchell Robinson,USA,,213,Center-Forward,BOS,Boston Celtics,397,2976,264,3164,690,362,7.5,8.0,0.7,1.7,0.9,,,,,,,,,,,,mitchell-robinson,2018-19 - 2025-26
1631157,Ryan Rollins,USA,,190,Guard,MIL,Milwaukee Bucks,168,1741,552,484,55,173,10.4,2.9,3.3,0.3,1.0,,,,,,,,,,,,ryan-rollins,2022-23 - 2025-26
1641712,Rayan Rupert,France,,201,Guard-Forward,PHI,Philadelphia 76ers,219,974,223,538,25,138,4.4,2.5,1.0,0.1,0.6,,,,,,,,,,,,rayan-rupert,2023-24 - 2025-26
1626156,D'Angelo Russell,USA,,190,Guard,MEM,Memphis Grizzlies,829,14166,4709,2731,274,852,17.1,3.3,5.7,0.3,1.0,,,,,,,,,,,,dangelo-russell,2015-16 - 2025-26
1627734,Domantas Sabonis,Lithuania,,208,Forward-Center,SAC,Sacramento Kings,727,11873,3563,7848,328,573,16.3,10.8,4.9,0.5,0.8,,,,,,,,,,,,domantas-sabonis,2016-17 - 2025-26
1642275,Tidjane Salaün,France,,208,Forward,CHA,Charlotte Hornets,97,575,101,429,21,45,5.9,4.4,1.0,0.2,0.5,,,,,,,,,,,,tidjane-salaün,2024-25 - 2025-26
1642920,Kobe Sanders,USA,,203,Guard,LAC,LA Clippers,68,495,109,153,10,49,7.3,2.2,1.6,0.1,0.7,,,,,,,,,,,,kobe-sanders,2025-26 - 2025-26
1630611,Gui Santos,Brazil,,201,Forward,GSW,Golden State Warriors,147,934,253,487,34,90,6.4,3.3,1.7,0.2,0.6,,,,,,,,,,,,gui-santos,2023-24 - 2025-26
1642879,Ben Saraf,Israel,,198,Guard,BKN,Brooklyn Nets,44,332,145,92,8,38,7.5,2.1,3.3,0.2,0.9,,,,,,,,,,,,ben-saraf,2025-26 - 2025-26
1642259,Alex Sarr,France,,213,Center,WAS,Washington Wizards,115,1652,291,790,196,83,14.4,6.9,2.5,1.7,0.7,,,,,,,,,,,,alex-sarr,2024-25 - 2025-26
1631204,Marcus Sasser,USA,,185,Guard,DAL,Dallas Mavericks,166,1158,444,233,20,101,7.0,1.4,2.7,0.1,0.6,,,,,,,,,,,,marcus-sasser,2023-24 - 2025-26
1631248,Baylor Scheierman,USA,,198,Guard,BOS,Boston Celtics,108,540,149,334,8,59,5.0,3.1,1.4,0.1,0.5,,,,,,,,,,,,baylor-scheierman,2024-25 - 2025-26
203471,Dennis Schröder,Germany,,185,Guard,CHA,Charlotte Hornets,1202,16219,5967,3468,180,986,13.5,2.9,5.0,0.1,0.8,,,,,,,,,,,,dennis-schröder,2013-14 - 2025-26
1630578,Alperen Sengun,Turkey,,211,Center,HOU,Houston Rockets,358,6049,1605,3086,322,374,16.9,8.6,4.5,0.9,1.0,,,,,,,,,,,,alperen-sengun,2021-22 - 2025-26
1641729,Brice Sensabaugh,USA,,198,Forward,UTA,Utah Jazz,178,2129,308,543,26,113,12.0,3.1,1.7,0.1,0.6,,,,,,,,,,,,brice-sensabaugh,2023-24 - 2025-26
1629012,Collin Sexton,USA,,190,Guard,LAL,Los Angeles Lakers,543,9758,1951,1454,73,469,18.0,2.7,3.6,0.1,0.9,,,,,,,,,,,,collin-sexton,2018-19 - 2025-26
1629013,Landry Shamet,USA,,196,Guard,NYK,New York Knicks,528,4510,786,888,75,258,8.5,1.7,1.5,0.1,0.5,,,,,,,,,,,,landry-shamet,2018-19 - 2025-26
1630545,Terrence Shannon Jr.,USA,,198,Guard-Forward,MIN,Minnesota Timberwolves,75,379,70,96,6,21,5.1,1.3,0.9,0.1,0.3,,,,,,,,,,,,terrence-shannon-jr,2024-25 - 2025-26
1630549,Day'Ron Sharpe,USA,,208,Center,BKN,Brooklyn Nets,253,1777,375,1492,159,157,7.0,5.9,1.5,0.6,0.6,,,,,,,,,,,,dayron-sharpe,2021-22 - 2025-26
1631101,Shaedon Sharpe,Canada,,196,Guard,POR,Portland Trail Blazers,234,3676,518,937,58,198,15.7,4.0,2.2,0.2,0.8,,,,,,,,,,,,shaedon-sharpe,2022-23 - 2025-26
1642347,Jamal Shead,USA,,185,Guard,TOR,Toronto Raptors,157,1078,760,258,25,134,6.9,1.6,4.8,0.2,0.9,,,,,,,,,,,,jamal-shead,2024-25 - 2025-26
1641767,Ben Sheppard,USA,,198,Guard,IND,Indiana Pacers,185,1043,252,461,22,110,5.6,2.5,1.4,0.1,0.6,,,,,,,,,,,,ben-sheppard,2023-24 - 2025-26
1642263,Reed Sheppard,USA,,188,Guard,HOU,Houston Rockets,134,1339,352,316,71,157,10.0,2.4,2.6,0.5,1.2,,,,,,,,,,,,reed-sheppard,2024-25 - 2025-26
1642917,Max Shulga,Ukraine,,193,Guard,BOS,Boston Celtics,11,7,2,6,0,1,0.6,0.5,0.2,0.0,0.1,,,,,,,,,,,,max-shulga,2025-26 - 2025-26
1627783,Pascal Siakam,Cameroon,,203,Forward,IND,Indiana Pacers,771,14547,2839,5159,424,701,18.9,6.7,3.7,0.5,0.9,,,,,,,,,,,,pascal-siakam,2016-17 - 2025-26
1629014,Anfernee Simons,USA,,190,Guard,PHI,Philadelphia 76ers,499,7407,1533,1243,64,254,14.8,2.5,3.1,0.1,0.5,,,,,,,,,,,,anfernee-simons,2018-19 - 2025-26
1642354,KJ Simpson,USA,,188,Guard,DEN,Denver Nuggets,76,464,198,183,6,66,6.1,2.4,2.6,0.1,0.9,,,,,,,,,,,,kj-simpson,2024-25 - 2025-26
1630579,Jericho Sims,USA,,208,Center,MIL,Milwaukee Bucks,311,890,241,1322,124,73,2.9,4.3,0.8,0.4,0.2,,,,,,,,,,,,jericho-sims,2021-22 - 2025-26
1642914,Javon Small,USA,,185,Guard,MEM,Memphis Grizzlies,41,396,151,128,9,34,9.7,3.1,3.7,0.2,0.8,,,,,,,,,,,,javon-small,2025-26 - 2025-26
203935,Marcus Smart,USA,,190,Guard,HOU,Houston Rockets,731,7619,3189,2426,260,1120,10.4,3.3,4.4,0.4,1.5,,,,,,,,,,,,marcus-smart,2014-15 - 2025-26
1630696,Dru Smith,USA,,188,Guard,MIA,Miami Heat,123,609,261,271,38,150,5.0,2.2,2.1,0.3,1.2,,,,,,,,,,,,dru-smith,2022-23 - 2025-26
1630188,Jalen Smith,USA,,203,Forward-Center,CHI,Chicago Bulls,375,3301,311,2094,270,110,8.8,5.6,0.8,0.7,0.3,,,,,,,,,,,,jalen-smith,2020-21 - 2025-26
1631095,Jabari Smith Jr.,USA,,211,Forward,HOU,Houston Rockets,289,3967,425,2113,247,176,13.7,7.3,1.5,0.9,0.6,,,,,,,,,,,,jabari-smith-jr,2022-23 - 2025-26
1631110,Jeremy Sochan,Poland,,203,Forward,POR,Portland Trail Blazers,272,2408,599,1337,104,184,8.9,4.9,2.2,0.4,0.7,,,,,,,,,,,,jeremy-sochan,2022-23 - 2025-26
1642285,Cam Spencer,USA,,190,Guard,MEM,Memphis Grizzlies,97,904,434,213,12,61,9.3,2.2,4.5,0.1,0.6,,,,,,,,,,,,cam-spencer,2024-25 - 2025-26
1630311,Pat Spencer,USA,,188,Guard,PHX,Phoenix Suns,111,578,285,208,8,62,5.2,1.9,2.6,0.1,0.6,,,,,,,,,,,,pat-spencer,2023-24 - 2025-26
1630191,Isaiah Stewart,USA,,203,Forward-Center,MEM,Memphis Grizzlies,365,3212,473,2467,430,142,8.8,6.8,1.3,1.2,0.4,,,,,,,,,,,,isaiah-stewart,2020-21 - 2025-26
1631124,Julian Strawther,USA,,198,Guard,DEN,Denver Nuggets,172,1228,191,317,29,81,7.1,1.8,1.1,0.2,0.5,,,,,,,,,,,,julian-strawther,2023-24 - 2025-26
1629622,Max Strus,USA,,196,Guard-Forward,LAC,LA Clippers,321,3343,752,1122,71,174,10.4,3.5,2.3,0.2,0.5,,,,,,,,,,,,max-strus,2019-20 - 2025-26
1630591,Jalen Suggs,USA,,196,Guard,ORL,Orlando Magic,268,3384,1010,922,166,388,12.6,3.4,3.8,0.6,1.4,,,,,,,,,,,,jalen-suggs,2021-22 - 2025-26
1630256,Jae'Sean Tate,USA,,193,Forward,HOU,Houston Rockets,342,2578,620,1299,109,256,7.5,3.8,1.8,0.3,0.7,,,,,,,,,,,,jaesean-tate,2020-21 - 2025-26
1628369,Jayson Tatum,USA,,203,Forward-Guard,BOS,Boston Celtics,601,14132,2328,4453,387,661,23.5,7.4,3.9,0.6,1.1,,,,,,,,,,,,jayson-tatum,2017-18 - 2025-26
1642876,Adou Thiero,USA,,201,Guard,LAL,Los Angeles Lakers,25,47,10,28,2,7,1.9,1.1,0.4,0.1,0.3,,,,,,,,,,,,adou-thiero,2025-26 - 2025-26
1641708,Amen Thompson,USA,,201,Guard-Forward,HOU,Houston Rockets,210,3005,848,1587,175,294,14.3,7.6,4.0,0.8,1.4,,,,,,,,,,,,amen-thompson,2023-24 - 2025-26
1641709,Ausar Thompson,USA,,201,Guard-Forward,DET,Detroit Pistons,195,1871,482,1123,168,312,9.6,5.8,2.5,0.9,1.6,,,,,,,,,,,,ausar-thompson,2023-24 - 2025-26
202691,Klay Thompson,USA,,196,Guard,MIA,Miami Heat,934,17346,2084,3184,465,759,18.6,3.4,2.2,0.5,0.8,,,,,,,,,,,,klay-thompson,2011-12 - 2025-26
1629680,Matisse Thybulle,USA,,196,Guard-Forward,LAL,Los Angeles Lakers,448,2165,468,909,327,685,4.8,2.0,1.0,0.7,1.5,,,,,,,,,,,,matisse-thybulle,2019-20 - 2025-26
1630214,Xavier Tillman,USA,,203,Forward,CHA,Charlotte Hornets,374,1761,420,1275,180,282,4.7,3.4,1.1,0.5,0.8,,,,,,,,,,,,xavier-tillman,2020-21 - 2025-26
1641772,Nae'Qwan Tomlin,USA,,203,Forward,CLE,Cleveland Cavaliers,69,410,55,207,35,41,5.9,3.0,0.8,0.5,0.6,,,,,,,,,,,,naeqwan-tomlin,2024-25 - 2025-26
1642910,John Tonje,USA,,193,Guard,POR,Portland Trail Blazers,6,15,2,6,0,2,2.5,1.0,0.3,0.0,0.3,,,,,,,,,,,,john-tonje,2025-26 - 2025-26
1642260,Nikola Topić,Serbia,,198,Guard,OKC,Oklahoma City Thunder,10,52,44,19,0,5,5.2,1.9,4.4,0.0,0.5,,,,,,,,,,,,nikola-topić,2025-26 - 2025-26
1630167,Obi Toppin,USA,,206,Forward,IND,Indiana Pacers,386,3353,483,1337,132,170,8.7,3.5,1.3,0.3,0.4,,,,,,,,,,,,obi-toppin,2020-21 - 2025-26
1626157,Karl-Anthony Towns,USA,,213,Center-Forward,NYK,New York Knicks,720,16384,2263,8025,811,588,22.8,11.1,3.1,1.1,0.8,,,,,,,,,,,,karl-anthony-towns,2015-16 - 2025-26
1642849,Nolan Traore,France,,190,Guard,BKN,Brooklyn Nets,56,499,213,99,23,45,8.9,1.8,3.8,0.4,0.8,,,,,,,,,,,,nolan-traore,2025-26 - 2025-26
1629018,Gary Trent Jr.,USA,,196,Guard,MIL,Milwaukee Bucks,538,7115,758,1202,88,570,13.2,2.2,1.4,0.2,1.1,,,,,,,,,,,,gary-trent-jr,2018-19 - 2025-26
1631131,Oscar Tshiebwe,DRC,,203,Forward-Center,HOU,Houston Rockets,49,344,43,317,7,31,7.0,6.5,0.9,0.1,0.6,,,,,,,,,,,,oscar-tshiebwe,2023-24 - 2025-26
1626167,Myles Turner,USA,,211,Center-Forward,MIL,Milwaukee Bucks,713,9877,916,4727,1527,490,13.9,6.6,1.3,2.1,0.7,,,,,,,,,,,,myles-turner,2015-16 - 2025-26
1642281,Jaylon Tyson,USA,,198,Guard-Forward,CLE,Cleveland Cavaliers,113,1039,191,434,31,67,9.2,3.8,1.7,0.3,0.6,,,,,,,,,,,,jaylon-tyson,2024-25 - 2025-26
1627832,Fred VanVleet,USA,,183,Guard,HOU,Houston Rockets,550,8204,3121,1884,253,757,14.9,3.4,5.7,0.5,1.4,,,,,,,,,,,,fred-vanvleet,2016-17 - 2024-25
1629020,Jarred Vanderbilt,USA,,203,Forward,LAL,Los Angeles Lakers,463,2727,706,2809,171,467,5.9,6.1,1.5,0.4,1.0,,,,,,,,,,,,jarred-vanderbilt,2018-19 - 2025-26
1630170,Devin Vassell,USA,,196,Guard-Forward,SAS,San Antonio Spurs,370,5212,955,1413,157,376,14.1,3.8,2.6,0.4,1.0,,,,,,,,,,,,devin-vassell,2020-21 - 2025-26
1629216,Gabe Vincent,USA,,188,Guard,ATL,Atlanta Hawks,384,2452,721,541,38,264,6.4,1.4,1.9,0.1,0.7,,,,,,,,,,,,gabe-vincent,2019-20 - 2025-26
1641774,Tristan Vukcevic,Italy,,213,Forward,WAS,Washington Wizards,94,856,107,313,63,39,9.1,3.3,1.1,0.7,0.4,,,,,,,,,,,,tristan-vukcevic,2023-24 - 2025-26
202696,Nikola Vučević,Montenegro,,206,Center,ORL,Orlando Magic,1170,20288,3507,12061,974,964,17.3,10.3,3.0,0.8,0.8,,,,,,,,,,,,nikola-vučević,2011-12 - 2025-26
1629731,Dean Wade,USA,,206,Forward-Center,PHI,Philadelphia 76ers,342,1824,372,1248,121,220,5.3,3.6,1.1,0.4,0.6,,,,,,,,,,,,dean-wade,2019-20 - 2025-26
1630532,Franz Wagner,Germany,,208,Forward,ORL,Orlando Magic,325,6251,1180,1585,111,328,19.2,4.9,3.6,0.3,1.0,,,,,,,,,,,,franz-wagner,2021-22 - 2025-26
1629021,Moritz Wagner,Germany,,211,Forward-Center,BKN,Brooklyn Nets,444,3885,516,1697,129,226,8.8,3.8,1.2,0.3,0.5,,,,,,,,,,,,moritz-wagner,2018-19 - 2025-26
1631133,Jabari Walker,USA,,201,Forward,PHI,Philadelphia 76ers,252,1443,176,1042,54,108,5.7,4.1,0.7,0.2,0.4,,,,,,,,,,,,jabari-walker,2022-23 - 2025-26
1641716,Jarace Walker,USA,,201,Forward,IND,Indiana Pacers,184,1465,342,683,62,132,8.0,3.7,1.9,0.3,0.7,,,,,,,,,,,,jarace-walker,2023-24 - 2025-26
1641717,Cason Wallace,USA,,190,Guard,OKC,Oklahoma City Thunder,227,1789,493,654,100,346,7.9,2.9,2.2,0.4,1.5,,,,,,,,,,,,cason-wallace,2023-24 - 2025-26
1630811,Keaton Wallace,USA,,190,Guard,ATL,Atlanta Hawks,84,354,175,106,14,52,4.2,1.3,2.1,0.2,0.6,,,,,,,,,,,,keaton-wallace,2024-25 - 2025-26
1641775,Jordan Walsh,USA,,198,Guard,BOS,Boston Celtics,129,461,78,361,43,66,3.6,2.8,0.6,0.3,0.5,,,,,,,,,,,,jordan-walsh,2023-24 - 2025-26
1642266,Ja'Kobe Walter,USA,,193,Guard,TOR,Toronto Raptors,124,990,167,345,24,116,8.0,2.8,1.3,0.2,0.9,,,,,,,,,,,,jakobe-walter,2024-25 - 2025-26
1642276,Kel'el Ware,USA,,213,Center,MIL,Milwaukee Bucks,141,1446,116,1167,155,98,10.3,8.3,0.8,1.1,0.7,,,,,,,,,,,,kelel-ware,2024-25 - 2025-26
1629023,P.J. Washington,USA,,201,Forward,DAL,Dallas Mavericks,519,6853,1117,3087,501,505,13.2,5.9,2.2,1.0,1.0,,,,,,,,,,,,p.j.-washington,2019-20 - 2025-26
1630570,Trendon Watford,USA,,203,Guard-Forward,NOP,New Orleans Pelicans,270,2051,539,966,93,123,7.6,3.6,2.0,0.3,0.5,,,,,,,,,,,,trendon-watford,2021-22 - 2025-26
1642364,Jamir Watkins,USA,,198,Forward,WAS,Washington Wizards,50,368,67,194,25,54,7.4,3.9,1.3,0.5,1.1,,,,,,,,,,,,jamir-watkins,2025-26 - 2025-26
1631212,Peyton Watson,USA,,203,Guard,CLE,Cleveland Cavaliers,225,1947,302,792,253,142,8.7,3.5,1.3,1.1,0.6,,,,,,,,,,,,peyton-watson,2022-23 - 2025-26
1641705,Victor Wembanyama,France,,224,Forward-Center,SAS,San Antonio Spurs,181,4238,641,1997,627,206,23.4,11.0,3.5,3.5,1.1,,,,,,,,,,,,victor-wembanyama,2023-24 - 2025-26
1631104,Blake Wesley,USA,,193,Guard,POR,Portland Trail Blazers,187,817,440,276,25,107,4.4,1.5,2.4,0.1,0.6,,,,,,,,,,,,blake-wesley,2022-23 - 2025-26
1629632,Coby White,USA,,193,Guard,CHA,Charlotte Hornets,522,8141,2018,1879,82,342,15.6,3.6,3.9,0.2,0.7,,,,,,,,,,,,coby-white,2019-20 - 2025-26
1628401,Derrick White,USA,,193,Guard,BOS,Boston Celtics,646,8658,2845,2408,602,557,13.4,3.7,4.4,0.9,0.9,,,,,,,,,,,,derrick-white,2017-18 - 2025-26
1641715,Cam Whitmore,USA,,198,Forward,CLE,Cleveland Cavaliers,119,1249,97,389,38,76,10.5,3.3,0.8,0.3,0.6,,,,,,,,,,,,cam-whitmore,2023-24 - 2025-26
1630598,Aaron Wiggins,USA,,196,Guard,ATL,Atlanta Hawks,339,2962,477,1068,90,245,8.7,3.2,1.4,0.3,0.7,,,,,,,,,,,,aaron-wiggins,2021-22 - 2025-26
203952,Andrew Wiggins,Canada,,198,Forward,MIA,Miami Heat,948,17467,2293,4297,690,923,18.4,4.5,2.4,0.7,1.0,,,,,,,,,,,,andrew-wiggins,2014-15 - 2025-26
1642873,Amari Williams,United Kingdom,,211,Forward-Center,BOS,Boston Celtics,22,30,10,40,10,3,1.4,1.8,0.5,0.5,0.1,,,,,,,,,,,,amari-williams,2025-26 - 2025-26
1630314,Brandon Williams,USA,,185,Guard,GSW,Golden State Warriors,140,1497,443,336,36,111,10.7,2.4,3.2,0.3,0.8,,,,,,,,,,,,brandon-williams,2021-22 - 2025-26
1642262,Cody Williams,USA,,203,Forward,UTA,Utah Jazz,117,818,196,311,42,74,7.0,2.7,1.7,0.4,0.6,,,,,,,,,,,,cody-williams,2024-25 - 2025-26
1629684,Grant Williams,USA,,201,Forward,CHA,Charlotte Hornets,492,3760,782,1853,257,264,7.6,3.8,1.6,0.5,0.5,,,,,,,,,,,,grant-williams,2019-20 - 2025-26
1631114,Jalen Williams,USA,,196,Guard-Forward,OKC,Oklahoma City Thunder,248,4464,1105,1140,135,333,18.0,4.6,4.5,0.5,1.3,,,,,,,,,,,,jalen-williams,2022-23 - 2025-26
1631119,Jaylin Williams,USA,,206,Forward,OKC,Oklahoma City Thunder,230,1311,464,1095,110,109,5.7,4.8,2.0,0.5,0.5,,,,,,,,,,,,jaylin-williams,2022-23 - 2025-26
1629026,Kenrich Williams,USA,,201,Guard-Forward,OKC,Oklahoma City Thunder,447,2853,774,1796,105,328,6.4,4.0,1.7,0.2,0.7,,,,,,,,,,,,kenrich-williams,2018-19 - 2025-26
1631109,Mark Williams,USA,,216,Center,PHX,Phoenix Suns,166,2000,207,1412,174,131,12.0,8.5,1.2,1.0,0.8,,,,,,,,,,,,mark-williams,2022-23 - 2025-26
1630172,Patrick Williams,USA,,198,Forward,CHI,Chicago Bulls,348,3141,509,1341,216,282,9.0,3.9,1.5,0.6,0.8,,,,,,,,,,,,patrick-williams,2020-21 - 2025-26
1630533,Ziaire Williams,USA,,206,Forward,LAL,Los Angeles Lakers,269,2336,319,809,76,223,8.7,3.0,1.2,0.3,0.8,,,,,,,,,,,,ziaire-williams,2021-22 - 2025-26
1629057,Robert Williams III,USA,,206,Center-Forward,POR,Portland Trail Blazers,294,2088,385,2018,475,207,7.1,6.9,1.3,1.6,0.7,,,,,,,,,,,,robert-williams-iii,2018-19 - 2025-26
1629627,Zion Williamson,USA,,198,Forward,NOP,New Orleans Pelicans,276,6581,1119,1768,172,279,23.8,6.4,4.1,0.6,1.0,,,,,,,,,,,,zion-williamson,2019-20 - 2025-26
1630592,Jalen Wilson,USA,,198,Forward,ATL,Atlanta Hawks,176,1306,240,515,11,73,7.4,2.9,1.4,0.1,0.4,,,,,,,,,,,,jalen-wilson,2023-24 - 2025-26
1642874,Danny Wolf,USA,,211,Forward,BKN,Brooklyn Nets,57,508,127,281,32,30,8.9,4.9,2.2,0.6,0.5,,,,,,,,,,,,danny-wolf,2025-26 - 2025-26
1642905,Yang Hansen,China,,216,Center,POR,Portland Trail Blazers,43,95,22,66,10,3,2.2,1.5,0.5,0.2,0.1,,,,,,,,,,,,yang-hansen,2025-26 - 2025-26
1642443,Jahmir Young,USA,,183,Guard,MIA,Miami Heat,20,36,15,7,0,1,1.8,0.3,0.8,0.0,0.1,,,,,,,,,,,,jahmir-young,2024-25 - 2025-26
1629027,Trae Young,USA,,188,Guard,WAS,Washington Wizards,513,12758,4988,1747,78,531,24.9,3.4,9.7,0.2,1.0,,,,,,,,,,,,trae-young,2018-19 - 2025-26
1642911,Rocco Zikarsky,Australia,,221,Center,MIN,Minnesota Timberwolves,5,14,2,14,5,0,2.8,2.8,0.4,1.0,0.0,,,,,,,,,,,,rocco-zikarsky,2025-26 - 2025-26
1627826,Ivica Zubac,Croatia,,213,Center,IND,Indiana Pacers,739,7832,1067,6122,706,268,10.6,8.3,1.4,1.0,0.4,,,,,,,,,,,,ivica-zubac,2016-17 - 2025-26
1641783,Tristan da Silva,Germany,,203,Forward,ORL,Orlando Magic,151,1295,237,529,43,101,8.6,3.5,1.6,0.3,0.7,,,,,,,,,,,,tristan-da-silva,2024-25 - 2025-26
